state,district,mean_update_to_enrolment_ratio,mean_update_dependency,update_to_enrolment_ratio_volatility,dependency_volatility,pct_active_months,activity_growth_slope,maturity_cluster,mean_monthly_activity
ANDAMAN & NICOBAR ISLANDS,ANDAMANS,106.58363095238096,0.8795675896808696,97.41609807884387,0.3097727934535821,0.9,42.7030303030303,0,284.0
ANDAMAN & NICOBAR ISLANDS,NICOBARS,0.55,0.1633333333333333,1.2572014777097409,0.2856441712911233,0.3,0.2606060606060606,1,0.7
ANDAMAN & NICOBAR ISLANDS,SOUTH ANDAMAN,6.728472222222223,0.3760712521937537,9.163387022031484,0.4856115855341806,0.4,26.37575757575758,1,71.0
ANDAMAN AND NICOBAR ISLANDS,NICOBAR,149.5324488011988,0.8737437465629428,207.0288781018975,0.3088900886316241,0.9,-9.145454545454545,0,267.3
ANDAMAN AND NICOBAR ISLANDS,NORTH AND MIDDLE ANDAMAN,501.6771618625277,0.8843970738782241,563.3519268224153,0.3112742512344286,0.9,-12.933333333333334,0,852.4
ANDAMAN AND NICOBAR ISLANDS,SOUTH ANDAMAN,674.5678323532803,0.8884266917423014,725.6665970421459,0.3124645470661183,0.9,55.93333333333334,0,1370.1
ANDHRA PRADESH,ADILABAD,2952.720897521188,0.8892781767553297,3523.1624483295523,0.3128736283958027,0.9,1021.5636363636364,0,8274.8
ANDHRA PRADESH,ALLURI SITHARAMA RAJU,1600.8681724335918,0.8685375567632233,2209.379973375404,0.3080040816184978,0.9,48.81818181818185,0,3273.3
ANDHRA PRADESH,ANAKAPALLI,835.3407425012663,0.8800303200718258,1143.6946255337127,0.3103517467790291,0.9,208.21818181818185,0,2072.6
ANDHRA PRADESH,ANANTAPUR,7389.462129176049,0.8792301237929687,9676.180509785392,0.3103827306832171,0.9,864.6121212121212,3,16672.5
ANDHRA PRADESH,ANANTHAPUR,7003.307833061168,0.8805253495114679,8711.226710341984,0.3106602590662886,0.9,-840.9939393939395,0,11615.2
ANDHRA PRADESH,ANANTHAPURAMU,11335.803114632145,0.8742611064057824,12617.622467173596,0.3094450973716255,0.9,-1651.4,3,16873.3
ANDHRA PRADESH,ANNAMAYYA,2609.908647700486,0.8755163124301903,2965.170088625938,0.3094443254824552,0.9,5.072727272727279,0,4436.7
ANDHRA PRADESH,BAPATLA,882.492952576786,0.880604261099349,1080.4537872808276,0.3103982575968017,0.9,196.63030303030305,0,1998.8
ANDHRA PRADESH,CHITTOOR,24137.259490707605,0.8809316591060675,27316.074949521684,0.3107328416645399,0.9,-1021.5575757575758,3,42927.3
ANDHRA PRADESH,CUDDAPAH,13320.370364789598,0.8797036927760535,14790.686882999917,0.3103925744360231,0.9,492.75757575757575,3,26039.7
ANDHRA PRADESH,DR. B. R. AMBEDKAR KONASEEMA,788.7795652497443,0.8795020538118978,981.9753971500432,0.3102620667755,0.9,307.2787878787879,0,2212.7
ANDHRA PRADESH,EAST GODAVARI,25389.000085543037,0.8842216428571668,28610.88832974735,0.3115066913266406,0.9,-457.6424242424244,3,46555.3
ANDHRA PRADESH,ELURU,1001.9878334555012,0.8836005110170069,1335.413892767307,0.3111713621536732,0.9,312.8545454545455,0,2644.3
ANDHRA PRADESH,GUNTUR,27591.923147115984,0.8796557598760112,30762.422492789075,0.3103177609815093,0.9,-1421.951515151515,3,47864.4
ANDHRA PRADESH,HYDERABAD,6821.741062990535,0.8736395056794389,7538.933696910964,0.3090650865368771,0.9,914.2545454545456,0,14679.0
ANDHRA PRADESH,K.V. RANGAREDDY,17.62638888888889,0.5747382912957605,19.63633538719156,0.4949022588680183,0.6,18.26060606060606,1,58.9
ANDHRA PRADESH,K.V.RANGAREDDY,10.477361111111112,0.4741642481123348,12.456834179898753,0.5000090046958175,0.5,48.0,1,136.0
ANDHRA PRADESH,KAKINADA,2011.7281970466888,0.879947471881086,2473.0806009341545,0.3102813792316554,0.9,186.01212121212123,0,4093.6
ANDHRA PRADESH,KARIM NAGAR,67.18014827201783,0.8791003430664757,54.9508101631935,0.3093960981956788,0.9,75.60000000000001,0,293.0
ANDHRA PRADESH,KARIMNAGAR,829.3492938298211,0.8862071027708073,943.8338785475984,0.3119339821879978,0.9,490.3454545454546,0,2811.7
ANDHRA PRADESH,KHAMMAM,2755.9673889721807,0.8899103421736111,3299.226311705693,0.313036792277218,0.9,874.5757575757576,0,7445.9
ANDHRA PRADESH,KRISHNA,18916.971650463416,0.8828496343352839,20950.079997962766,0.311062933413911,0.9,-201.0121212121213,3,35183.3
ANDHRA PRADESH,KURNOOL,33036.14177422986,0.8756667253792821,36013.22502373132,0.3095541106835875,0.9,-2773.0181818181813,3,54004.8
ANDHRA PRADESH,MAHABUB NAGAR,175.2606790617936,0.8756535915139485,212.1857422772086,0.3090904644136996,0.9,885.7212121212123,0,2817.6
ANDHRA PRADESH,MAHABUBNAGAR,9.2,0.3802246128907043,13.656398581698696,0.4910294156315846,0.4,7.53939393939394,1,20.8
ANDHRA PRADESH,MAHBUBNAGAR,757.2127095756008,0.8833408658973694,915.3867659626188,0.3112131946179416,0.9,407.8545454545455,0,2535.8
ANDHRA PRADESH,MEDAK,1130.234440135346,0.8775227232994812,1295.698797404874,0.3098956546316051,0.9,582.4606060606061,0,3681.4
ANDHRA PRADESH,N. T. R,2790.378291308172,0.8839112368302191,3403.5025155386006,0.3112918007005905,0.9,65.04242424242425,0,5256.2
ANDHRA PRADESH,NALGONDA,1573.8381888326824,0.8899025379268364,1820.8206370780265,0.3130192204977204,0.9,1326.739393939394,0,6366.4
ANDHRA PRADESH,NANDYAL,2318.3671766169145,0.8749847977442974,2878.6986425517584,0.3092277755064155,0.9,40.763636363636365,0,3893.0
ANDHRA PRADESH,NELLORE,11980.375384370727,0.8796455722108215,13091.42134920981,0.3103897690462418,0.9,342.769696969697,3,23196.7
ANDHRA PRADESH,NIZAMABAD,561.3368091434886,0.8803954460839508,593.1021432136395,0.3106080281294328,0.9,266.92121212121214,0,1704.4
ANDHRA PRADESH,PALNADU,2097.335050240431,0.8756180121855698,2873.1682688002047,0.3094661104334081,0.9,40.54545454545455,0,3640.8
ANDHRA PRADESH,PARVATHIPURAM MANYAM,1055.2482035716262,0.8764345323310092,1154.5380539528812,0.3098915710965157,0.9,67.44848484848485,0,2052.9
ANDHRA PRADESH,PRAKASAM,15951.546190660503,0.8786566226768538,20877.61767455396,0.3100966338786089,0.9,145.67272727272726,3,34042.0
ANDHRA PRADESH,RANGAREDDI,3463.7758982435453,0.8819107577126907,3861.969565217911,0.310865763273262,0.9,618.3272727272728,0,7874.4
ANDHRA PRADESH,SPSR NELLORE,0.0,0.0,0.0,0.0,0.3,-35.193939393939395,2,218.3
ANDHRA PRADESH,SRI POTTI SRIRAMULU NELLORE,1397.0018706847873,0.8641083746330874,1896.639956799274,0.3077776840046338,0.9,339.3333333333333,0,3381.4
ANDHRA PRADESH,SRI SATHYA SAI,1536.9003433326152,0.876468640690123,1794.1122801312642,0.3096351842221806,0.9,244.9818181818182,0,3346.0
ANDHRA PRADESH,SRIKAKULAM,20145.921142427607,0.8859242189671603,24978.35764646077,0.3119185583084582,0.9,-2354.0,3,33260.6
ANDHRA PRADESH,TIRUPATI,2337.442487578518,0.8661302200815006,2929.3396033444087,0.3080199833183677,0.9,222.5757575757576,0,4534.7
ANDHRA PRADESH,VISAKHAPATANAM,0.0,0.0,0.0,0.0,0.1,-4.109090909090909,2,22.6
ANDHRA PRADESH,VISAKHAPATNAM,28494.13636248419,0.8819768402110097,32345.70347713476,0.3108285953131364,0.9,-2427.587878787879,3,47667.4
ANDHRA PRADESH,VIZIANAGARAM,13589.56044343283,0.8839862559848749,15588.514463031655,0.3114754992517396,0.9,-540.3939393939394,3,24274.1
ANDHRA PRADESH,WARANGAL,3454.2842534301853,0.8916131962651453,4169.816550441196,0.3135016405578035,0.9,861.0848484848485,0,8758.3
ANDHRA PRADESH,WEST GODAVARI,19580.008568840884,0.8839660675421903,21804.53951914273,0.3114133013341941,0.9,-540.2484848484848,3,35315.5
ANDHRA PRADESH,Y. S. R,2042.068518214158,0.8794090948513837,2287.7135202003383,0.3101983131335186,0.9,156.0909090909091,0,3761.7
ARUNACHAL PRADESH,ANJAW,106.30681818181816,0.881901143395328,110.54112521530588,0.3105513158136096,0.9,4.363636363636363,0,196.8
ARUNACHAL PRADESH,CHANGLANG,509.53506164302337,0.8645286112250288,649.5368839006859,0.3086037556071175,0.9,138.56363636363636,0,1464.5
ARUNACHAL PRADESH,DIBANG VALLEY,38.47,0.8664834901848657,34.49135318372482,0.3055893591403159,0.9,10.58787878787879,0,64.1
ARUNACHAL PRADESH,EAST KAMENG,235.1568227304097,0.8786720236386069,235.50765075224908,0.3096760945914028,0.9,44.26666666666667,0,590.0
ARUNACHAL PRADESH,EAST SIANG,172.90482321959604,0.8825587295006786,165.03510597137165,0.3107771333876157,0.9,111.83030303030304,0,599.2
ARUNACHAL PRADESH,KAMLE,12.802380952380952,0.5505435201387681,20.32957863428851,0.4758991996723788,0.6,9.339393939393942,1,49.1
ARUNACHAL PRADESH,KRA DAADI,107.97419071976616,0.8551250098399503,116.36572049145694,0.3053184947786231,0.9,-8.975757575757575,0,183.5
ARUNACHAL PRADESH,KURUNG KUMEY,251.74355193539404,0.876652799068431,262.73623320730906,0.3094458945472306,0.9,-33.58787878787879,0,380.0
ARUNACHAL PRADESH,LEPARADA,3.8,0.3481481481481481,6.129165250396392,0.4517405246381664,0.4,2.254545454545455,1,6.2
ARUNACHAL PRADESH,LOHIT,249.66394557823128,0.8779490449249702,264.5912633635322,0.3097051477511957,0.9,53.290909090909096,0,592.3
ARUNACHAL PRADESH,LONGDING,164.06928668885297,0.7823050521724804,217.0681321564377,0.3248269444719517,0.9,14.927272727272728,0,498.1
ARUNACHAL PRADESH,LOWER DIBANG VALLEY,145.8957288401254,0.8763829242475605,158.00715352932792,0.3093126318959271,0.9,31.418181818181814,0,351.4
ARUNACHAL PRADESH,LOWER SIANG,24.75846153846154,0.5745191855007595,38.70346820401327,0.4949138955700278,0.6,15.375757575757577,1,78.3
ARUNACHAL PRADESH,LOWER SUBANSIRI,208.3481350991171,0.8804990555168086,217.9624770297095,0.3101965799133663,0.9,14.375757575757577,0,430.6
ARUNACHAL PRADESH,NAMSAI,435.3785473117508,0.8806949168658598,446.9960598915586,0.3107620765513961,0.9,20.95757575757576,0,828.8
ARUNACHAL PRADESH,PAKKE KESSANG,8.55,0.4704187895253794,9.5755765709782,0.4960251140887896,0.5,3.618181818181818,1,16.5
ARUNACHAL PRADESH,PAPUM PARE,718.054184666529,0.8757807832019452,860.2906932657837,0.3093237040934891,0.9,13.878787878787874,0,1462.8
ARUNACHAL PRADESH,SHI-YOMI,25.59280303030303,0.8549485348669666,16.697050974040938,0.3027820267231222,0.9,20.775757575757577,0,80.2
ARUNACHAL PRADESH,SIANG,105.3443076923077,0.8660457586402108,96.45208991416408,0.3094592677420426,0.9,14.64848484848485,0,218.9
ARUNACHAL PRADESH,TAWANG,124.94267750040916,0.8696299119093582,126.47307787840288,0.3086774112978427,0.9,48.13939393939394,0,356.9
ARUNACHAL PRADESH,TIRAP,113.71717171717172,0.8762431054898643,116.66455695033017,0.3089817770880289,0.9,32.78787878787879,0,298.2
ARUNACHAL PRADESH,UPPER SIANG,104.9425,0.8883830932768338,73.34222299338295,0.3122805330309646,0.9,58.375757575757575,0,316.0
ARUNACHAL PRADESH,UPPER SUBANSIRI,343.1436564757482,0.8753103201317696,406.1843479620193,0.3091400906585415,0.9,-29.28484848484849,0,585.8
ARUNACHAL PRADESH,WEST KAMENG,329.4068176824457,0.8679835612608665,405.1764596142514,0.307702735417533,0.9,48.96363636363637,0,830.9
ARUNACHAL PRADESH,WEST SIANG,350.17934731934736,0.8828097557724804,502.6089985915243,0.3108770662960664,0.9,38.72727272727273,0,839.0
ASSAM,BAJALI,11.643333333333334,0.3829813425834824,19.375764739985343,0.4945333915638904,0.4,35.418181818181814,1,89.6
ASSAM,BAKSA,26.646300687563336,0.8075798964963244,51.59508646217886,0.2934169756260507,0.9,245.1757575757576,0,3816.6
ASSAM,BARPETA,47.68032813286365,0.8210308733251394,91.48027500315568,0.3004165623666377,0.9,1488.278787878788,0,16894.6
ASSAM,BISWANATH,633.0402752238658,0.8540413983258537,1180.4198678599162,0.304166050150215,0.9,169.87878787878788,0,2190.2
ASSAM,BONGAIGAON,34.63489441561932,0.8623981677130699,42.308302948528414,0.3040103429431661,0.9,70.0909090909091,0,7890.7
ASSAM,CACHAR,2167.170671289817,0.7827103328930145,5046.531379988592,0.3001544867523928,0.9,1238.4848484848485,0,14167.8
ASSAM,CHARAIDEO,517.4476124263657,0.830259513892741,920.0310937471996,0.3096552746273269,0.9,214.8181818181818,0,1939.5
ASSAM,CHIRANG,579.4147938875424,0.8211768664292945,1251.8880344957886,0.3093187953798744,0.9,532.8000000000001,0,4383.2
ASSAM,DARRANG,815.3421930516604,0.7937499264003482,2554.3040720718823,0.2864863962302118,0.9,625.9939393939395,0,6217.9
ASSAM,DHEMAJI,15.56134051148202,0.7437806007323408,31.44422758746874,0.3003394027627246,0.9,343.1878787878788,0,4998.0
ASSAM,DHUBRI,406.10789892793287,0.8283223607019927,1240.7056992921002,0.2947660933042245,0.9,1637.478787878788,0,15292.0
ASSAM,DIBRUGARH,32.60092012949836,0.7811783246023715,80.22448818146664,0.2944127908448929,0.9,173.2848484848485,0,6031.6
ASSAM,DIMA HASAO,5.363571428571428,0.3470360124327751,11.297008839961077,0.45086229665044,0.6,11.67878787878788,1,55.5
ASSAM,GOALPARA,875.1873277649563,0.7753058591730673,2741.639488476399,0.2894458549919606,0.9,938.0909090909092,0,7808.9
ASSAM,GOLAGHAT,1045.325807234866,0.6592262832115063,3290.766456619089,0.315187804422212,0.9,361.4121212121213,0,5958.3
ASSAM,HAILAKANDI,702.7495038873908,0.8091778096248865,1227.221934494573,0.296438107743916,0.9,871.9575757575758,0,4800.3
ASSAM,HOJAI,221.5964697261484,0.7987535349203763,653.6860365580519,0.2924665310417045,0.9,609.2,0,6136.0
ASSAM,JORHAT,707.0738309678179,0.7796451029239083,2207.256854170796,0.2990070982476411,0.9,421.7939393939394,0,4095.4
ASSAM,KAMRUP,26.13082001347841,0.7729018828704526,60.853368513366526,0.2914359813115751,0.9,1032.3272727272729,0,10150.2
ASSAM,KAMRUP METRO,943.7233289752888,0.8046709988938942,2957.184584019274,0.2889487707108202,0.9,433.8727272727273,0,5899.9
ASSAM,KARBI ANGLONG,1472.2804693442206,0.7993081527832365,3123.152320447516,0.3110101443215209,0.9,864.7757575757577,0,7843.4
ASSAM,KARIMGANJ,780.5173092124434,0.7165224651578559,2453.398241907199,0.2896764259721562,0.9,1894.612121212121,0,9189.3
ASSAM,KOKRAJHAR,10.930458048536886,0.8122736484315141,7.975829634670484,0.2891193572873048,0.9,286.3090909090909,0,5613.7
ASSAM,LAKHIMPUR,18.698249666582694,0.7752523153374955,39.04452282060208,0.2843502458441446,0.9,587.7757575757577,0,7238.3
ASSAM,MAJULI,228.8130209664811,0.8413370097805165,352.27613950225725,0.3100006697494665,0.9,47.92727272727273,0,717.8
ASSAM,MARIGAON,8.236738450402754,0.7671230920148905,7.157836921249023,0.2856695027631297,0.9,859.8000000000001,0,8823.3
ASSAM,NAGAON,883.1352172342522,0.854273416625586,2584.1426195124955,0.3030032626745784,0.9,3160.866666666667,0,22812.9
ASSAM,NALBARI,992.196772680787,0.828117866278847,2349.572418641065,0.2984512135269474,0.9,614.2727272727273,0,4509.3
ASSAM,NORTH CACHAR HILLS,166.18686334352734,0.7797424290336772,298.19013841588946,0.3253024874467791,0.9,104.5878787878788,0,868.1
ASSAM,SIBSAGAR,551.5234624297078,0.8022144524618768,988.796891981958,0.3038982878839685,0.9,433.53333333333336,0,2718.7
ASSAM,SIVASAGAR,0.0,0.0,0.0,0.0,0.2,-3.527272727272728,2,42.2
ASSAM,SONITPUR,22.70212804905725,0.7913009690923318,50.379663258116814,0.2867405536156422,0.9,948.3151515151516,0,8289.0
ASSAM,SOUTH SALMARA MANKACHAR,1022.688563721692,0.8317780806148967,2040.3315152115856,0.313030538561273,0.9,292.6727272727273,0,2736.7
ASSAM,SRIBHUMI,14.55819356034948,0.3856389709188807,24.795183370152884,0.4979532822488556,0.4,234.8181818181818,1,561.3
ASSAM,TAMULPUR DISTRICT,9.880357142857145,0.3812064834078059,15.597755272137029,0.4922432917288144,0.4,55.7030303030303,1,139.3
ASSAM,TINSUKIA,220.07025791082324,0.7528045562451736,670.4306244103792,0.3011730545280791,0.9,654.6545454545455,0,6288.2
ASSAM,UDALGURI,327.567377742408,0.8085206337418951,655.5354681072133,0.2976163353231653,0.9,315.969696969697,0,4669.3
ASSAM,WEST KARBI ANGLONG,69.09784468340577,0.5921101549610647,204.5517109781426,0.348437934335473,0.9,44.06666666666667,0,672.7
BALANAGAR,IDPL COLONY,0.2,0.0666666666666666,0.6324555320336759,0.2108185106778919,0.1,0.1090909090909091,2,0.2
BIHAR,ARARIA,10991.918065448031,0.8567827220470956,20819.20267673777,0.3041518999024047,0.9,988.448484848485,3,32633.8
BIHAR,ARWAL,1938.855383026624,0.8432245461602339,3706.899813504411,0.3007901708922345,0.9,286.5939393939394,0,6234.0
BIHAR,AURANGABAD,8808.313429800193,0.8657288662989634,12607.055223873353,0.3074748190732602,0.9,1174.509090909091,3,21244.0
BIHAR,AURANGABAD(BH),3.287218144174666,0.3542482278358629,4.519999177877334,0.4575999210888075,0.4,38.721212121212126,1,103.9
BIHAR,BANKA,7206.221721846506,0.8516349748330676,13401.437463546969,0.302249916439941,0.9,591.0848484848484,3,20742.1
BIHAR,BEGUSARAI,11419.673646053005,0.8631780351076699,18747.49043343248,0.3059136469116308,0.9,921.3636363636364,3,29340.7
BIHAR,BHABUA,1.9143398268398268,0.3265524597364647,2.630760251368633,0.4227444991641627,0.4,7.175757575757576,1,19.6
BIHAR,BHAGALPUR,105.79274309582998,0.8255032262541366,292.8919693235578,0.2970048971607567,0.9,242.339393939394,0,32440.2
BIHAR,BHOJPUR,8389.812108828679,0.8583980050841451,15399.820934717436,0.3049681590248534,0.9,1484.6424242424243,3,25269.4
BIHAR,BUXAR,5719.174762673665,0.8627889678325917,8701.933486410964,0.307155806890094,0.9,809.9030303030304,0,13817.0
BIHAR,DARBHANGA,14973.201491858888,0.8670863878856897,21669.960615600943,0.3072611997547677,0.9,1736.1878787878788,3,38007.3
BIHAR,EAST CHAMPARAN,13134.466722268711,0.8441787750709855,27065.383973519205,0.3011896709976701,0.9,3279.3515151515157,3,48948.5
BIHAR,GAYA,9356.403904302348,0.8255747761702696,29557.667727830023,0.292544680649641,0.9,-40.64848484848476,3,40774.7
BIHAR,GOPALGANJ,5496.454176737633,0.8311130965350934,12764.458208119504,0.2967913011224702,0.9,1228.721212121212,3,22449.9
BIHAR,JAMUI,3814.9644884314575,0.836858274542627,9378.596835001435,0.2975871930075883,0.9,691.1818181818181,0,15945.9
BIHAR,JEHANABAD,2390.292172028543,0.8541349813937467,5128.47985827388,0.3028947809771838,0.9,575.6969696969697,0,8867.4
BIHAR,KAIMUR (BHABUA),2364.0775657455115,0.8496819961536136,7427.816374869359,0.299873928020023,0.9,881.0909090909091,0,15300.0
BIHAR,KATIHAR,14224.17305899132,0.8667324157264856,25049.16678034475,0.3061714509049563,0.9,1210.3515151515153,3,41392.4
BIHAR,KHAGARIA,6654.730901011024,0.8644770315702314,8873.769158632247,0.3071927028930812,0.9,1030.9575757575758,0,16372.4
BIHAR,KISHANGANJ,11201.782903236348,0.8785799039154328,14324.597362625873,0.3102026668569537,0.9,2113.29696969697,3,29518.4
BIHAR,LAKHISARAI,2977.653589239357,0.8398141264246849,5490.486151321239,0.3028907519824442,0.9,748.478787878788,0,10453.5
BIHAR,MADHEPURA,9574.658237991142,0.8699978461552735,12337.556549604147,0.3080288877859992,0.9,926.2242424242424,3,21812.5
BIHAR,MADHUBANI,38.02960574400913,0.8412087402567943,75.38934882911325,0.2974954705794311,0.9,1096.0,0,44575.6
BIHAR,MONGHYR,3.442114845938376,0.3499185021680777,5.459547860367712,0.4527109725606619,0.4,15.745454545454546,1,43.0
BIHAR,MUNGER,2773.7936984031007,0.847124849125499,7025.275387028739,0.2997122730764924,0.9,498.1636363636364,0,11250.5
BIHAR,MUZAFFARPUR,115.23637814892211,0.8285104219327228,330.0751999337923,0.2946119611304443,0.9,1852.909090909091,0,44431.6
BIHAR,NALANDA,7376.368511765257,0.8500361565730227,13884.266572449842,0.3020535396692455,0.9,2200.121212121212,3,28502.0
BIHAR,NAWADA,6550.273990774077,0.8297004067214834,10929.633601400636,0.3033738636121958,0.9,883.4303030303031,3,18817.6
BIHAR,PASHCHIM CHAMPARAN,11.161747115113988,0.4752524594614137,13.918698116974229,0.5011056654254166,0.8,-131.95151515151514,1,1783.2
BIHAR,PATNA,110.6213662553525,0.8516577650592053,294.8948493931478,0.3004740250551324,0.9,3080.327272727273,0,47743.0
BIHAR,PURBA CHAMPARAN,3.983074323573223,0.3593858413934746,5.789147025643004,0.4643607902610402,0.4,49.26666666666667,1,132.5
BIHAR,PURBI CHAMPARAN,0.0,0.0,0.0,0.0,0.3,-181.54545454545453,2,1487.1
BIHAR,PURNEA,308.67024386252046,0.8784801092319008,318.2580637556792,0.3097465089787367,0.9,84.28484848484848,0,801.7
BIHAR,PURNIA,8329.47901986761,0.8552737349757316,19425.0412847708,0.3028867167535453,0.9,1120.8545454545456,3,39202.5
BIHAR,ROHTAS,9233.843313392184,0.8778092866772107,12321.523140665391,0.3097144263033922,0.9,1961.660606060606,3,23739.4
BIHAR,SAHARSA,5857.468662256532,0.8424435541509674,13158.307225175302,0.2985105463771601,0.9,445.6848484848485,3,21410.6
BIHAR,SAMASTIPUR,16166.277941269214,0.862975407635836,26691.930926530706,0.3059555639215162,0.9,1617.2848484848485,3,42166.4
BIHAR,SAMSTIPUR,3.955596638655462,0.3517942361281145,6.916195992390254,0.4551450878298392,0.4,27.56969696969697,1,72.5
BIHAR,SARAN,8240.675005769574,0.8383369260299416,20834.3981384723,0.2987311241683911,0.9,2166.3030303030305,3,34256.6
BIHAR,SHEIKHPURA,2945.4164561224397,0.8682903053203075,3638.1387857095374,0.308047963764024,0.9,422.739393939394,0,7171.0
BIHAR,SHEIKPURA,3.9727272727272727,0.3619306921317012,5.298788828080177,0.4674487545979666,0.4,11.612121212121211,1,34.0
BIHAR,SHEOHAR,2955.1951802387966,0.8643398762405642,4268.104846190407,0.307000767535471,0.9,232.10909090909087,0,6742.4
BIHAR,SITAMARHI,11.682944444872266,0.7831656268840088,14.775974412882489,0.2872048568803614,0.9,530.4363636363637,0,39408.0
BIHAR,SIWAN,6329.651437751896,0.8513152613991034,15056.755581907646,0.3020308284184307,0.9,1953.5454545454545,3,26483.7
BIHAR,SUPAUL,10463.836232233363,0.8658962872465285,15582.768775954635,0.3074322867489549,0.9,348.5939393939394,3,22969.2
BIHAR,VAISHALI,12540.880583258246,0.8589180087608093,21623.00398568145,0.3060927670167163,0.9,914.8666666666668,3,34176.1
BIHAR,WEST CHAMPARAN,10988.105202687711,0.8300282579253908,22887.8600600586,0.3013817484648783,0.9,3261.1393939393943,3,43064.4
CHANDIGARH,CHANDIGARH,9263.891131114262,0.8752323243049662,14463.271332457523,0.3091183687001371,0.9,-1198.8,3,16051.8
CHANDIGARH,MOHALI,1.1,0.275,1.728840330651992,0.3644080266357249,0.4,0.4666666666666667,1,1.1
CHANDIGARH,RUPNAGAR,2.3,0.3325757575757576,3.4334951418181574,0.4309896653323647,0.4,1.3636363636363635,1,3.7
CHHATISGARH,RAIPUR,0.9,0.2633333333333333,1.3703203194062978,0.3472822170391178,0.4,0.3818181818181818,1,0.9
CHHATTISGARH,BALOD,7737.942242842708,0.8876999794885337,8865.30865753455,0.3123745628727974,0.9,482.369696969697,0,14262.7
CHHATTISGARH,BALODA BAZAR,10846.276314539518,0.8821356249485774,14470.597307899669,0.3106210821030852,0.9,1862.5272727272727,3,26196.1
CHHATTISGARH,BALRAMPUR,4449.268749253345,0.8545888521518086,8538.081806367665,0.3045682949882711,0.9,907.1757575757576,0,11873.4
CHHATTISGARH,BASTAR,7855.9220101757,0.8735992152156964,8678.26758295328,0.3087193799926997,0.9,1852.939393939394,3,18042.3
CHHATTISGARH,BEMETARA,9034.427784487212,0.8840477154532664,10299.451398892465,0.3113875875376634,0.9,656.1939393939394,3,17317.4
CHHATTISGARH,BIJAPUR,8.479252054334777,0.7613918486875646,12.220666566044532,0.2750791394847843,0.9,237.55757575757576,0,4765.5
CHHATTISGARH,BILASPUR,13697.062055834967,0.8757954423741234,19705.6301728801,0.3092518472678581,0.9,2402.709090909091,3,35731.9
CHHATTISGARH,DAKSHIN BASTAR DANTEWADA,1703.5887009348444,0.8716741800364206,2137.138216070624,0.3094674543821449,0.9,292.33333333333326,0,3433.1
CHHATTISGARH,DANTEWADA,1173.5609091119957,0.8734367328878807,1875.6277179922104,0.3102006125669364,0.9,185.4787878787879,0,2203.6
CHHATTISGARH,DHAMTARI,7118.263008025303,0.8865775690725597,7674.724987699666,0.3120586253527996,0.9,463.678787878788,0,13695.9
CHHATTISGARH,DURG,7814.835647805148,0.8849904549936835,12981.578138800784,0.3113189499979673,0.9,1549.8606060606062,3,26109.5
CHHATTISGARH,GARIYABAND,3082.153243308593,0.8855176440158736,3290.5497957126704,0.3118307526879761,0.9,1103.4242424242425,0,8122.9
CHHATTISGARH,GAURELA-PENDRA-MARWAHI,260.8014169360052,0.8780726159780942,311.40373428114765,0.3100006364913196,0.9,43.13939393939394,0,585.4
CHHATTISGARH,GAURELLA PENDRA MARWAHI,0.0,0.0,0.0,0.0,0.2,-13.606060606060607,2,98.3
CHHATTISGARH,JANJGIR - CHAMPA,5.387777777777778,0.3652944659704621,7.933282238656917,0.4726189138482858,0.4,18.33939393939394,1,44.8
CHHATTISGARH,JANJGIR CHAMPA,6.927965367965368,0.3696874696127051,11.795856127151414,0.4779159861677327,0.4,18.612121212121213,1,45.3
CHHATTISGARH,JANJGIR-CHAMPA,15477.648869752036,0.8848738733117459,17563.44784319601,0.3117232892341294,0.9,892.3333333333334,3,29745.3
CHHATTISGARH,JASHPUR,7095.815860521596,0.884275794359095,8533.807696385516,0.3115143179844459,0.9,1375.6666666666667,3,14816.9
CHHATTISGARH,KABEERDHAM,3136.9531288336984,0.8840023951691733,3696.666106515976,0.3114078818185476,0.9,354.3333333333333,0,6057.3
CHHATTISGARH,KANKER,3356.860582985092,0.8820576117290472,3952.913620296548,0.3110906866464558,0.9,1190.3636363636365,0,8375.4
CHHATTISGARH,KAWARDHA,6444.582166252123,0.8843906854671874,9000.569608364158,0.3115094046754703,0.9,579.9818181818182,0,12993.3
CHHATTISGARH,KHAIRAGARH CHHUIKHADAN GANDAI,249.19828791777863,0.5766904156752883,617.5392007510566,0.4969931116884721,0.6,182.47272727272727,1,738.4
CHHATTISGARH,KONDAGAON,6620.877283175988,0.8728934125316151,13954.027181104324,0.3091254999368192,0.9,975.7818181818184,3,12234.8
CHHATTISGARH,KORBA,11115.517697410893,0.8804234684651586,12735.566685155498,0.3105247409268586,0.9,96.82424242424244,3,18879.0
CHHATTISGARH,KORIYA,4442.725074424134,0.8831466021423852,5227.869231805027,0.3112477367435107,0.9,805.9818181818182,0,9439.5
CHHATTISGARH,MAHASAMUND,15569.027838476788,0.8793582298737359,27270.80936855793,0.3104948189543802,0.9,-121.14545454545464,3,23811.7
CHHATTISGARH,MANENDRAGARHCHIRMIRIBHARATPUR,31.2,0.2967606183956252,53.57818793335794,0.4778360356185743,0.3,-8.181818181818182,1,31.2
CHHATTISGARH,MANENDRAGARH–CHIRMIRI–BHARATPUR,8.274681160003391,0.3737298087876791,14.833943672809475,0.4828645655654766,0.4,237.2848484848485,1,568.8
CHHATTISGARH,MOHALLA-MANPUR-AMBAGARH CHOWKI,12.908333333333337,0.4572880983750549,22.24819489140469,0.4850424041689831,0.5,5.175757575757576,1,26.2
CHHATTISGARH,MOHLA-MANPUR-AMBAGARH CHOUKI,1057.2866562315048,0.8898508833360539,1513.249825080581,0.3129917019764377,0.9,387.9818181818182,0,2466.5
CHHATTISGARH,MUNGELI,7918.079797037902,0.8799813184603809,9619.64945929579,0.3105797664661939,0.9,1121.030303030303,3,15608.8
CHHATTISGARH,NARAYANPUR,2551.2539309613157,0.8734292559779145,4061.1664922962814,0.3090387217415455,0.9,21.103030303030305,0,3970.0
CHHATTISGARH,RAIGARH,8789.472604630659,0.8848552528672855,11900.779352636726,0.3114732310158226,0.9,2018.7393939393944,3,26301.8
CHHATTISGARH,RAIPUR,12622.717032781997,0.8750082038415125,20563.938355214683,0.3092398598768879,0.9,621.8606060606062,3,33241.7
CHHATTISGARH,RAJNANDGAON,18237.68797230794,0.8844064871239408,27572.124144284837,0.3114932627301409,0.9,30.72121212121217,3,30680.1
CHHATTISGARH,SAKTI,393.3231483510391,0.8777318920845996,436.4569167233079,0.3100632385778981,0.9,306.2909090909092,0,1416.4
CHHATTISGARH,SARANGARH-BILAIGARH,17.783968946430246,0.3905961420826506,24.04552209837442,0.5042761893100948,0.4,404.1212121212121,1,928.4
CHHATTISGARH,SUKMA,719.8480175011564,0.8504135255832306,1501.6727810024374,0.3015595980036474,0.9,658.6909090909091,0,4506.4
CHHATTISGARH,SURAJPUR,4628.722602406514,0.8815752318939966,5177.73581463363,0.3107380713841438,0.9,1299.0545454545456,0,11686.6
CHHATTISGARH,SURGUJA,9677.914981223135,0.884057821997469,11186.710388690237,0.3114700681614476,0.9,1748.357575757576,3,20209.9
CHHATTISGARH,UTTAR BASTAR KANKER,1734.9140837169707,0.8841226712308592,1986.6548217742936,0.3114061889555978,0.9,701.7030303030303,0,4475.7
DADRA & NAGAR HAVELI,DADRA & NAGAR HAVELI,35.54611111111111,0.5767993529450406,51.61015295327152,0.4969794047563853,0.6,10.127272727272729,1,81.3
DADRA AND NAGAR HAVELI,DADRA AND NAGAR HAVELI,1824.621236929701,0.8804758151720306,1936.7726714398923,0.3104063940242554,0.9,-48.52121212121212,0,3401.2
DADRA AND NAGAR HAVELI AND DAMAN AND DIU,DADRA AND NAGAR HAVELI,171.56,0.8811884496980917,164.6048851711948,0.310391897263208,0.9,29.290909090909093,0,375.5
DADRA AND NAGAR HAVELI AND DAMAN AND DIU,DAMAN,111.36386363636365,0.8730634028921314,203.06545625244644,0.3080344790726947,0.9,4.212121212121211,0,227.1
DADRA AND NAGAR HAVELI AND DAMAN AND DIU,DIU,24.3875,0.458554947516641,59.27971740682755,0.4853735619320566,0.5,-1.8242424242424236,1,41.9
DAMAN & DIU,DAMAN,119.03333333333332,0.890893556303037,86.66200307965295,0.3130714116729109,0.9,1.551515151515151,0,179.8
DAMAN & DIU,DIU,60.9202380952381,0.7801139153817694,66.5474737696117,0.4115078684034295,0.8,16.35151515151515,0,105.2
DAMAN AND DIU,DAMAN,276.7870215311005,0.8892380025803366,278.7998406136432,0.3126703861714545,0.9,5.993939393939394,0,519.5
DAMAN AND DIU,DIU,180.8722222222222,0.8770641945480053,177.43103540559886,0.3097199253038808,0.9,7.200000000000001,0,324.0
DARBHANGA,NEAR UNIVERSITY THANA,0.2,0.0666666666666666,0.6324555320336759,0.2108185106778919,0.1,0.1090909090909091,2,0.2
DELHI,CENTRAL DELHI,2042.3215965992856,0.8544610208594641,6343.633399325578,0.3029537058752681,0.9,-1298.4121212121213,0,10705.4
DELHI,EAST DELHI,3157.734901268112,0.861086186721883,9904.367296254028,0.3041361569249832,0.9,-3726.363636363637,0,32060.2
DELHI,NAJAFGARH,67.015,0.6694470276780481,90.23951204406316,0.4634978730924564,0.7,-6.836363636363637,1,107.0
DELHI,NEW DELHI,374.32675624360354,0.7838797973379348,741.5413543407611,0.3414357016563876,0.9,-63.92121212121212,0,1026.1
DELHI,NORTH DELHI,7092.810592290969,0.861711905853657,11720.936289203382,0.3049756597146782,0.9,-1773.860606060606,0,15218.9
DELHI,NORTH EAST,3854.334873978634,0.8646094462636407,4521.978385981628,0.3076130433114253,0.9,-461.52121212121216,0,6018.5
DELHI,NORTH EAST   *,0.0,0.0,0.0,0.0,0.1,0.0363636363636363,2,0.2
DELHI,NORTH EAST DELHI,13221.399343323958,0.8532332812369845,22464.65291163528,0.3030520626815344,0.9,-2886.2606060606063,3,29635.7
DELHI,NORTH WEST DELHI,229.6391968333373,0.8679540287341381,578.1999563038552,0.306612309421966,0.9,-8409.848484848484,0,65532.5
DELHI,SHAHDARA,1053.5705226523046,0.8580880135438751,2200.3469547204204,0.3032789192976021,0.9,-366.3212121212121,0,3820.7
DELHI,SOUTH DELHI,6806.537343029979,0.8609189379941314,21362.493234045523,0.3050740183792939,0.9,-5540.703030303031,0,44982.0
DELHI,SOUTH EAST DELHI,53.27474637681159,0.8728779337166032,43.27125598877558,0.3076632792262819,0.9,44.696969696969695,0,181.1
DELHI,SOUTH WEST DELHI,5704.913189549736,0.8648322249829719,17930.86887913316,0.3056293672238482,0.9,-3629.448484848485,0,32048.1
DELHI,WEST DELHI,39.43840820137069,0.8501128920570571,71.09019768743912,0.3002206933239931,0.9,-5658.854545454546,0,42446.1
GOA,BARDEZ,5.5,0.3669312169312169,8.631338250816034,0.4741547215825936,0.4,2.8424242424242427,1,7.3
GOA,BICHOLIM,0.4,0.1333333333333333,0.8432740427115678,0.2810913475705225,0.2,0.1696969696969697,2,0.4
GOA,NORTH GOA,2223.044759019471,0.8812716054835942,3094.074635463937,0.3106686291697468,0.9,301.4787878787879,0,5796.8
GOA,SOUTH GOA,2320.1840138221337,0.883077168854032,2729.703599705067,0.3111938071888838,0.9,135.42424242424244,0,4779.9
GOA,TISWADI,0.6,0.1916666666666666,1.07496769977314,0.314392418153798,0.3,0.206060606060606,1,0.6
GUJARAT,AHMADABAD,494.3801514827548,0.7524693215191421,929.8455874891124,0.3695999473362439,0.9,379.1333333333334,0,3010.9
GUJARAT,AHMEDABAD,18155.085999487896,0.8701559542788401,39509.6087244416,0.3077284080541315,0.9,-2343.818181818182,3,69250.4
GUJARAT,AMRELI,3650.22419793606,0.8595713937872601,6033.792327515914,0.3041810023861899,0.9,-41.83636363636364,0,10069.5
GUJARAT,ANAND,2679.05424367071,0.8555807959738526,8365.687759253678,0.3032675986497153,0.9,-457.6848484848484,0,15982.4
GUJARAT,ARVALLI,1280.9181048752191,0.8438626424747708,2067.332802708328,0.3005187386898314,0.9,35.284848484848474,0,4015.6
GUJARAT,BANAS KANTHA,2.376864676336158,0.3290855613746403,4.048999733570383,0.4244530002978982,0.7,-117.9030303030303,1,1451.8
GUJARAT,BANASKANTHA,8977.192853189144,0.8252799131261426,14566.54359035984,0.2992776305047264,0.9,457.6363636363636,3,24432.4
GUJARAT,BHARUCH,5145.889209875114,0.865407898766445,9127.68420241526,0.306160050769765,0.9,-413.53333333333336,0,13053.5
GUJARAT,BHAVNAGAR,5776.954810545296,0.8518125074944898,12476.65559919656,0.3023583021450011,0.9,-527.939393939394,0,20918.8
GUJARAT,BOTAD,700.434640478649,0.8012787765206342,1596.0434812730832,0.291803566117066,0.9,-82.61818181818182,0,2674.8
GUJARAT,CHHOTAUDEPUR,670.1735221107535,0.8242491113387812,2077.582429220114,0.2973390510976242,0.9,-299.5878787878788,0,4754.0
GUJARAT,DAHOD,6332.638213547003,0.8348588536853161,10638.85947260048,0.2986739415994308,0.9,-848.6545454545455,0,16212.0
GUJARAT,DANG,0.0,0.0,0.0,0.0,0.2,-9.696969696969695,2,87.2
GUJARAT,DEVBHUMI DWARKA,820.0096218207184,0.8267792611745313,1718.14472711869,0.2959789237230882,0.9,-31.67272727272728,0,3454.0
GUJARAT,DOHAD,435.0541311896961,0.6936310805772246,907.859006576739,0.3598628791842509,0.9,-52.74545454545455,0,3393.1
GUJARAT,GANDHINAGAR,2455.09202066124,0.8574002687892314,7686.435419025862,0.303062126678452,0.9,-954.6060606060606,0,14680.2
GUJARAT,GIR SOMNATH,1219.1588113420316,0.8013006352784962,2630.3513135710086,0.2953527941899871,0.9,-16.042424242424243,0,5455.5
GUJARAT,JAMNAGAR,3512.825498050347,0.8531012487392922,7821.810933939994,0.3021486130650003,0.9,-133.01212121212134,0,13289.9
GUJARAT,JUNAGADH,6901.176893859342,0.8621319185385513,9232.330950691818,0.3064071133205716,0.9,108.13939393939395,0,14625.3
GUJARAT,KACHCHH,89.43440825455686,0.8524249798377189,158.13885717930248,0.3022276759490866,0.9,-673.2242424242423,0,20005.2
GUJARAT,KHEDA,5460.8859727225845,0.8555601104404913,12394.476287527596,0.3035686462723155,0.9,-747.7878787878788,0,17734.7
GUJARAT,MAHESANA,4599.578859505686,0.8572246203433929,9948.029033728151,0.3031866260121337,0.9,-469.1151515151515,0,15662.0
GUJARAT,MAHISAGAR,967.0070593296912,0.8404684467118706,2063.9836985686406,0.2992661549967198,0.9,-14.48484848484848,0,4102.2
GUJARAT,MORBI,14.680158970988426,0.7853252562903629,26.46551607775179,0.2825872522741049,0.9,-355.24848484848485,0,5968.2
GUJARAT,NARMADA,3606.726770719224,0.8711278639150777,4046.9511824676506,0.308413794239162,0.9,-423.52121212121216,0,5523.5
GUJARAT,NAVSARI,2204.8160453204428,0.8664084919968736,5229.225477366115,0.3057050061491022,0.9,-35.993939393939364,0,7791.1
GUJARAT,PANCH MAHALS,4.254215392450687,0.3594629572989892,6.137948314320741,0.4650402030086035,0.5,24.47272727272727,1,214.6
GUJARAT,PANCHMAHALS,5105.216169529975,0.8558085007295173,8442.177967200396,0.3035502622691265,0.9,472.8303030303031,0,14351.7
GUJARAT,PATAN,21.14842910727513,0.8298246747834988,23.682035808593117,0.2958194409812286,0.9,23.727272727272727,0,11247.5
GUJARAT,PORBANDAR,1344.5480978585497,0.848237233815284,2895.333692810555,0.3001013309820224,0.9,-185.54545454545456,0,4812.7
GUJARAT,RAJKOT,4463.327285002343,0.8469342300112637,14039.378552567572,0.2998707030228406,0.9,-1459.5212121212126,0,32338.1
GUJARAT,SABAR KANTHA,3.334155844155844,0.3524095721923764,4.823464276952966,0.4555639130509967,0.5,41.41212121212121,1,369.7
GUJARAT,SABARKANTHA,5301.64024099416,0.8632348135199779,9032.497344755877,0.3056050326452704,0.9,-35.82424242424246,0,13937.9
GUJARAT,SURAT,15365.504570196592,0.8617684228802786,33807.42157484744,0.3042430502828197,0.9,-2670.6545454545458,3,66465.0
GUJARAT,SURENDRA NAGAR,5635.6664678422,0.8466376997906506,9879.300283081611,0.3028537718469855,0.9,-803.8969696969698,0,14132.5
GUJARAT,SURENDRANAGAR,4.3934443777511,0.3622673512332681,6.507941287283894,0.4680522676712851,0.5,54.64242424242424,1,288.2
GUJARAT,TAPI,2487.101355539576,0.8604184620178282,3502.84370219246,0.3069509115276355,0.9,-147.2666666666667,0,5442.7
GUJARAT,THE DANGS,1349.9351880412266,0.8597956104421558,2248.057874481204,0.3049000282020941,0.9,-389.9818181818182,0,3585.9
GUJARAT,VADODARA,90.78953788882816,0.8600924486622423,188.40739437510072,0.3040693934440773,0.9,-23.27272727272734,0,31372.8
GUJARAT,VALSAD,3925.497693579777,0.8467912420825001,8961.02653875867,0.3002116680124349,0.9,-597.5212121212121,0,13981.5
HARYANA,AKHERA,0.1,0.05,0.3162277660168379,0.1581138830084189,0.1,0.0424242424242424,2,0.1
HARYANA,AMBALA,5286.696310138499,0.8692563395937363,6849.318723371109,0.3075786857052542,0.9,-261.3939393939393,0,10921.6
HARYANA,BHIWANI,7713.958844976873,0.8735080853963003,8332.727811305203,0.3088962557608287,0.9,-142.07272727272732,0,13339.4
HARYANA,CHARKHI DADRI,1156.080098740542,0.8664974380841072,1342.7307493583044,0.3078557581252225,0.9,92.55151515151516,0,2274.1
HARYANA,FARIDABAD,38.47088396386231,0.8484475617582424,75.44808141134286,0.2992709314541191,0.9,-1209.3515151515153,0,29566.1
HARYANA,FATEHABAD,7056.027306348832,0.8750490992347555,7758.94202769521,0.3091630806197661,0.9,-417.8545454545455,0,11437.6
HARYANA,GURGAON,7457.641170677688,0.8629601164712313,12703.548744202972,0.3053809790014183,0.9,-302.539393939394,3,19686.5
HARYANA,GURUGRAM,0.0,0.0,0.0,0.0,0.3,-28.363636363636363,2,263.6
HARYANA,HISAR,9341.52414114902,0.8702263178916096,12527.506525575856,0.3077561910701253,0.9,-208.6969696969697,3,18430.7
HARYANA,JHAJJAR,5271.9708775410345,0.8711830372758513,5989.984900999739,0.3085561682924888,0.9,-41.99393939393942,0,9164.7
HARYANA,JHAJJAR *,0.0,0.0,0.0,0.0,0.1,0.0181818181818181,2,0.1
HARYANA,JIND,8238.500123987205,0.870995333001374,8786.675455623663,0.3085602874648714,0.9,-279.1151515151515,0,13910.2
HARYANA,KAITHAL,6491.621739503829,0.872860843813681,8875.75654964593,0.3081347301226366,0.9,-756.8424242424244,0,12290.1
HARYANA,KARNAL,8902.839897864771,0.8703385758407993,9596.07023144093,0.3083624530469361,0.9,-595.9030303030304,0,14719.8
HARYANA,KURUKSHETRA,5406.298904632441,0.8742174778004612,6999.032581972094,0.308772348352377,0.9,-408.72121212121215,0,10110.5
HARYANA,MAHENDRAGARH,4295.2621779747415,0.8681735195708591,4593.318183110577,0.3079312312271026,0.9,137.0060606060606,0,8012.0
HARYANA,MEWAT,5569.872117822681,0.8547658641091374,8221.027875168647,0.3039635612589065,0.9,903.078787878788,0,14255.0
HARYANA,NUH,0.0,0.0,0.0,0.0,0.1,-27.381818181818183,2,150.6
HARYANA,PALWAL,7464.808822417135,0.865993428944593,8714.376465224299,0.3075028523564774,0.9,199.22424242424245,0,13236.8
HARYANA,PANCHKULA,4577.543068360214,0.8784767427274522,5007.00912363666,0.3099375375056601,0.9,-312.9272727272727,0,7317.1
HARYANA,PANIPAT,5919.525863611687,0.8575473313233681,9971.118198068629,0.3036757445946993,0.9,-513.1575757575757,0,15494.5
HARYANA,REWARI,5495.478796268197,0.8748071013770289,5791.004614979124,0.3091574252997576,0.9,-85.36969696969695,0,9624.8
HARYANA,ROHTAK,5309.443826079647,0.8657647343035748,6884.509252584726,0.3064992828990117,0.9,-412.5818181818182,0,10591.4
HARYANA,SIRSA,9070.54811442842,0.8779993398261233,9641.026766676194,0.3098564958929307,0.9,-123.36363636363636,3,15556.3
HARYANA,SONIPAT,7438.13583652313,0.8676547086742259,10138.939235123358,0.3071821435446875,0.9,-691.0424242424244,0,14993.6
HARYANA,YAMUNA NAGAR,8483.880406391954,0.8757212208255039,9448.868397261707,0.3093889170358997,0.9,-143.26666666666668,0,14500.5
HARYANA,YAMUNANAGAR,45.49901960784314,0.7678223084800211,46.361116023495335,0.4059957025897954,0.8,26.01818181818182,0,136.9
HIMACHAL PRADESH,BILASPUR,1426.5901110575128,0.8734910567741345,1601.4642460336022,0.3087151731107501,0.9,110.32121212121211,0,2966.5
HIMACHAL PRADESH,CHAMBA,2427.861583803038,0.8774924700511082,3219.142434517249,0.3097326876802971,0.9,259.8,0,5515.7
HIMACHAL PRADESH,HAMIRPUR,1430.029694289493,0.8725794229576553,1621.8498315940203,0.3085965432808968,0.9,218.34545454545457,0,3233.7
HIMACHAL PRADESH,KANGRA,5808.830198094149,0.8762661786044268,7180.378844778496,0.3095121243088622,0.9,625.939393939394,0,12800.6
HIMACHAL PRADESH,KINNAUR,263.09813438195795,0.8777610963388238,296.95346945357016,0.3096095256064083,0.9,56.11515151515152,0,579.9
HIMACHAL PRADESH,KULLU,1172.010528810237,0.8697433083755748,1651.1886594775506,0.30726962461195,0.9,219.12121212121207,0,3208.9
HIMACHAL PRADESH,LAHAUL AND SPITI,6.2333333333333325,0.37172976011994,8.854168300653443,0.4803774039953112,0.4,4.7696969696969695,1,10.9
HIMACHAL PRADESH,LAHUL & SPITI,18.475892857142856,0.4777062643239113,27.9988902493324,0.5039508755580827,0.5,30.715151515151515,1,91.0
HIMACHAL PRADESH,LAHUL AND SPITI,28.80887445887446,0.576649838920064,40.8823915567084,0.4968964991662992,0.6,32.666666666666664,1,103.0
HIMACHAL PRADESH,MANDI,4116.3072049255,0.8750672578371557,4747.267306638276,0.3091074595108825,0.9,154.76969696969698,0,8215.3
HIMACHAL PRADESH,SHIMLA,2536.609042487238,0.8784116016092163,2969.312591782032,0.3099144074035436,0.9,332.3818181818182,0,5713.9
HIMACHAL PRADESH,SIRMAUR,3167.0108794065063,0.8687606464758714,3770.704686538343,0.3079912204230451,0.9,-297.43636363636364,0,5245.5
HIMACHAL PRADESH,SOLAN,2164.3577693242773,0.8777265304602366,2376.008247680109,0.3097932657035918,0.9,153.66060606060606,0,4372.8
HIMACHAL PRADESH,UNA,1941.729871533294,0.8774402948564279,2166.5995036712966,0.3096885912674245,0.9,200.9757575757576,0,4235.7
JAIPUR,NEAR MEERA HOSPITAL,0.2,0.0666666666666666,0.6324555320336759,0.2108185106778919,0.1,0.1090909090909091,2,0.2
JAMMU & KASHMIR,ANANTNAG,1.1333333333333333,0.2651082251082251,1.96387120846984,0.35982097888778,0.4,0.8848484848484849,1,2.2
JAMMU & KASHMIR,BADGAM,1.1666666666666667,0.2925,1.6043921197992943,0.3800676109442751,0.4,0.6242424242424243,1,1.7
JAMMU & KASHMIR,BANDIPUR,0.1,0.05,0.3162277660168379,0.1581138830084189,0.3,0.1272727272727273,2,0.3
JAMMU & KASHMIR,BARAMULA,1.424040404040404,0.3065691720325341,1.983662071204013,0.3977011253734384,0.4,8.321212121212122,1,22.1
JAMMU & KASHMIR,DODA,0.7666666666666666,0.195,1.4744741686696563,0.3303617545795652,0.3,0.406060606060606,1,1.1
JAMMU & KASHMIR,JAMMU,3.396269841269841,0.3439542615333036,6.044233014162083,0.4454614861121313,0.4,18.2969696969697,1,48.7
JAMMU & KASHMIR,KARGIL,0.7166666666666667,0.2089285714285714,1.1968322386230277,0.3377733628799076,0.4,0.6,1,1.7
JAMMU & KASHMIR,KATHUA,4.133333333333334,0.3574509803921568,6.1947807581846925,0.4623865898270379,0.4,4.187878787878788,1,10.3
JAMMU & KASHMIR,KUPWARA,0.6900000000000001,0.1476190476190476,1.8752481317296532,0.280777454287161,0.4,0.7696969696969697,1,1.9
JAMMU & KASHMIR,LEH (LADAKH),1.3833333333333333,0.2684920634920635,2.241651177145989,0.3831524598749021,0.4,0.6848484848484849,1,2.1
JAMMU & KASHMIR,PULWAMA,0.1333333333333333,0.0916666666666666,0.2194268628681277,0.1493297783968401,0.3,0.3090909090909091,2,0.7
JAMMU & KASHMIR,PUNCH,0.85,0.2566666666666666,1.3343745934165396,0.3392256978385837,0.4,0.4545454545454545,1,1.1
JAMMU & KASHMIR,RAJAURI,1.65,0.3099019607843137,2.5391380864817537,0.4034708999926057,0.4,1.303030303030303,1,2.9
JAMMU & KASHMIR,SRINAGAR,1.5,0.3132467532467532,2.0,0.4052969124316471,0.4,1.1454545454545455,1,2.9
JAMMU & KASHMIR,UDHAMPUR,0.75,0.2516666666666666,1.0865337342004415,0.3305858996343265,0.4,0.503030303030303,1,1.3
JAMMU AND KASHMIR,?,0.1,0.05,0.3162277660168379,0.1581138830084189,0.1,0.0424242424242424,2,0.1
JAMMU AND KASHMIR,ANANTNAG,4322.507003982435,0.8620497159690444,5065.560696507358,0.30757360051469,0.9,330.7818181818182,0,8646.7
JAMMU AND KASHMIR,BADGAM,1308.5308543258543,0.8462365295195668,1940.9693111348324,0.3054691068090928,0.9,98.23030303030303,0,2811.0
JAMMU AND KASHMIR,BANDIPORE,2105.2641454550567,0.8559562524047521,2580.913965245566,0.306578541477315,0.9,13.854545454545448,0,3790.6
JAMMU AND KASHMIR,BANDIPUR,0.1,0.05,0.3162277660168379,0.1581138830084189,0.1,0.0545454545454545,2,0.1
JAMMU AND KASHMIR,BARAMULA,4601.037208601239,0.866022664652452,6222.345758132138,0.3068171184122506,0.9,50.34545454545457,0,10230.3
JAMMU AND KASHMIR,BUDGAM,2796.809465783785,0.8745002898848199,3091.7539821275927,0.3090894675948941,0.9,-335.4181818181818,0,4259.2
JAMMU AND KASHMIR,DODA,1995.1483400856764,0.8271485650695812,2713.0376549221146,0.3013709757471153,0.9,336.72121212121215,0,5264.9
JAMMU AND KASHMIR,GANDERBAL,1095.9030798341355,0.8629024928734765,1291.9653233554209,0.307775686952311,0.9,98.9939393939394,0,2206.8
JAMMU AND KASHMIR,JAMMU,5810.826958208152,0.8728260200923168,8014.32976471254,0.3086223661858787,0.9,449.6242424242424,0,13804.8
JAMMU AND KASHMIR,KARGIL,168.04878772947282,0.8402523263391792,254.16809194678228,0.3034642862564884,0.9,81.06666666666668,0,549.2
JAMMU AND KASHMIR,KATHUA,3318.3212366613543,0.8610977744454352,3716.8355137738263,0.3065318774868731,0.9,116.27878787878788,0,6350.0
JAMMU AND KASHMIR,KISHTWAR,1747.8986229767015,0.8477354326345944,1885.8485656304676,0.3054321447765407,0.9,-44.56363636363636,0,2805.7
JAMMU AND KASHMIR,KULGAM,2461.64233526547,0.8627919425197825,2751.060887154527,0.3072081440917919,0.9,-237.0787878787879,0,3936.2
JAMMU AND KASHMIR,KUPWARA,6162.296798782358,0.8657452946343627,7003.573297352727,0.3076407701940353,0.9,-576.3272727272727,0,9776.2
JAMMU AND KASHMIR,LEH,148.72090379477464,0.8663736244917294,220.4142933561148,0.30695135726469,0.9,44.46666666666667,0,419.7
JAMMU AND KASHMIR,POONCH,0.4,0.125,0.966091783079296,0.2700308624336608,0.2,0.1818181818181818,2,0.4
JAMMU AND KASHMIR,PULWAMA,2613.237861093866,0.8672250043276547,2823.552766252714,0.3089277505014557,0.9,471.8727272727273,0,5618.7
JAMMU AND KASHMIR,PUNCH,3094.2797964942565,0.8649288892207814,4686.345791959677,0.3066741283860685,0.9,-94.4,0,7243.4
JAMMU AND KASHMIR,RAJOURI,3508.9919308445,0.8705388252559079,4346.604530560832,0.308436796943041,0.9,335.5030303030303,0,7421.8
JAMMU AND KASHMIR,RAMBAN,1612.1874973656911,0.8600153528319543,1796.2606534680972,0.3071408620641086,0.9,453.64242424242417,0,3955.1
JAMMU AND KASHMIR,REASI,1884.808456748108,0.8503989612224834,2329.5205621296504,0.3055092082882202,0.9,-75.60606060606061,0,3335.5
JAMMU AND KASHMIR,SAMBA,831.7400815913082,0.8708313296581245,914.1652577758284,0.308323037704225,0.9,65.73939393939395,0,1693.3
JAMMU AND KASHMIR,SHOPIAN,0.0,0.0,0.0,0.0,0.1,-2.496969696969698,2,41.2
JAMMU AND KASHMIR,SHUPIYAN,1373.9030143875732,0.8736989421198116,1602.3191104924408,0.308751411767641,0.9,-17.9030303030303,0,2440.2
JAMMU AND KASHMIR,SRINAGAR,4818.52230295052,0.8770905012845779,5607.729591107953,0.3101132652116198,0.9,1200.9212121212122,0,11579.0
JAMMU AND KASHMIR,UDHAMPUR,3737.62263731058,0.8586522985204956,4462.0899783105215,0.3062986911646803,0.9,-183.92727272727276,0,6513.4
JHARKHAND,BOKARO,10340.683217489526,0.8703099097744147,13893.66388276252,0.3082580564772471,0.9,-829.8909090909092,3,18490.2
JHARKHAND,BOKARO *,0.25,0.1333333333333333,0.4249182927993987,0.2194268628681278,0.4,0.1878787878787879,2,0.5
JHARKHAND,CHATRA,4484.892078706385,0.8494894870107608,9121.764819522154,0.3018606560015041,0.9,-113.20000000000002,0,12129.0
JHARKHAND,DEOGHAR,2256.828716860716,0.8441856166627252,3485.0723333632945,0.3030448002731231,0.9,-597.0787878787879,0,13581.0
JHARKHAND,DHANBAD,13810.661250887835,0.8562071175742689,24547.484055274937,0.3049686782185312,0.9,-2302.6363636363635,3,26989.7
JHARKHAND,DUMKA,4834.852766920109,0.859209071265829,12589.919897556443,0.3046175218436068,0.9,-1024.3333333333333,0,14169.5
JHARKHAND,EAST SINGHBHUM,7399.551735005501,0.8619322331362996,14103.853704450576,0.3059563227003486,0.9,-906.7939393939396,3,20495.7
JHARKHAND,EAST SINGHBUM,0.0,0.0,0.0,0.0,0.1,-8.76969696969697,2,144.7
JHARKHAND,GARHWA,7703.08272060539,0.8626921988254823,9474.397405500444,0.3070917223891651,0.9,-123.3454545454546,0,14580.4
JHARKHAND,GARHWA *,359.4941199805708,0.8636493602487206,402.4213896247383,0.3069430246148926,0.9,58.49090909090909,0,808.1
JHARKHAND,GIRIDIH,13037.40840629087,0.837314665109985,26687.02055489829,0.3015710048581723,0.9,-2214.715151515152,3,25038.4
JHARKHAND,GODDA,5620.595607623939,0.8684647241039609,10190.770518300043,0.307791588707293,0.9,-265.7151515151515,0,14400.1
JHARKHAND,GUMLA,4934.443249971127,0.8556555081898674,8233.048160083048,0.3035404274292544,0.9,356.87272727272733,0,14133.2
JHARKHAND,HAZARIBAG,866.1247663347846,0.8734841016125635,1386.85893256819,0.3089431483283815,0.9,9.442424242424249,0,1802.6
JHARKHAND,HAZARIBAGH,6668.57748516997,0.8597944527563263,12577.322079516896,0.3063565911057281,0.9,-583.0000000000001,0,14778.1
JHARKHAND,JAMTARA,3927.3108075425007,0.8519176980873981,5803.360211822895,0.3059579001690706,0.9,-176.6787878787879,0,7709.4
JHARKHAND,KHUNTI,2419.770164542188,0.8628115684407385,4428.201020397598,0.3048490935168109,0.9,-133.64848484848486,0,6702.0
JHARKHAND,KODARMA,405.3643597087958,0.866280444936564,479.208157816676,0.3078833227415725,0.9,21.024242424242427,0,821.1
JHARKHAND,KODERMA,3975.2722214332543,0.8465958116806134,5932.491392658807,0.3060433452896968,0.9,-595.0181818181819,0,6555.0
JHARKHAND,LATEHAR,4253.974568971245,0.8748248099982339,6453.084501417263,0.3091421976211523,0.9,-100.89090909090912,0,8471.7
JHARKHAND,LOHARDAGA,2310.2385872242194,0.8492681138706015,4376.330037304886,0.3015657216721233,0.9,-376.0606060606061,0,5957.4
JHARKHAND,PAKAUR,329.5571964202022,0.8647284746789898,586.780572279981,0.3079248918964023,0.9,-27.739393939393945,0,645.9
JHARKHAND,PAKUR,3641.239598978778,0.8088618071184612,9715.197928214851,0.2978020016082982,0.9,-1182.7151515151515,0,8967.2
JHARKHAND,PALAMAU,301.17607178464607,0.867191505447604,548.9836239900379,0.3077098783589317,0.9,14.739393939393937,0,660.6
JHARKHAND,PALAMU,13210.613983927484,0.8656457812638578,22957.388329235106,0.3075248702730394,0.9,-1538.8727272727272,3,23569.8
JHARKHAND,PASHCHIMI SINGHBHUM,1270.7645508195508,0.8777189934173103,1640.6134520064008,0.3097603098068164,0.9,-56.51515151515152,0,2386.7
JHARKHAND,PURBI SINGHBHUM,1455.5269606279749,0.8630685406700953,1595.934443774424,0.3078428847313499,0.9,-37.375757575757575,0,2641.1
JHARKHAND,RAMGARH,3988.670336956392,0.8639806673485697,6346.600599358868,0.3075078244854387,0.9,-239.96363636363637,0,7567.6
JHARKHAND,RANCHI,9602.620663160687,0.8481706523994591,23392.55630025249,0.3017840342471169,0.9,-2449.4060606060607,3,29569.2
JHARKHAND,SAHEBGANJ,6746.865021570435,0.863941724561486,10763.333480720114,0.3073056358898398,0.9,-264.2,0,13649.5
JHARKHAND,SAHIBGANJ,178.1002809636438,0.8519399471566487,278.3705667586629,0.306370702289195,0.9,56.53333333333334,0,511.8
JHARKHAND,SERAIKELA-KHARSAWAN,6124.30214653053,0.8687883728149604,7151.3039011869705,0.307880308543572,0.9,-28.47878787878787,0,11753.9
JHARKHAND,SIMDEGA,5478.450544689064,0.8763597902465247,6385.809695482564,0.3095807616354292,0.9,-624.6242424242425,0,9087.5
JHARKHAND,WEST SINGHBHUM,9304.847975396737,0.8664900565776474,13282.79267147513,0.3065700310204488,0.9,-735.339393939394,3,19733.9
KARNATAKA,BAGALKOT,7299.70285258689,0.8549583888234317,8974.589837100959,0.305998222281649,0.9,-162.74545454545458,0,13693.7
KARNATAKA,BAGALKOT *,84.65927058273189,0.8514719600431373,105.854626119687,0.3041422184590543,0.9,62.95757575757575,0,317.0
KARNATAKA,BALLARI,3897.136135269929,0.8540442292966188,4386.439089429036,0.3063497335389289,0.9,-248.0484848484849,0,6454.0
KARNATAKA,BANGALORE,14115.435858551204,0.8750669040916847,15040.032873037704,0.3091491588531205,0.9,191.35151515151517,3,25783.7
KARNATAKA,BANGALORE RURAL,4302.038032601313,0.8697103790527141,5684.536208636471,0.3074658376582581,0.9,-49.4242424242424,0,8891.3
KARNATAKA,BELAGAVI,7260.739460357846,0.8505933278448676,9258.895119002114,0.3062441822219501,0.9,87.65454545454544,0,14112.7
KARNATAKA,BELGAUM,8927.871650140689,0.8690324033645955,11285.078129137371,0.308230867096297,0.9,367.5030303030303,3,18083.4
KARNATAKA,BELLARY,4933.486298904706,0.866124308353785,5646.238508194905,0.3077515564528558,0.9,266.93939393939394,0,9984.7
KARNATAKA,BENGALURU,22479.094590985653,0.8522760726134019,36948.247117388346,0.3023596187619437,0.9,-1967.7030303030303,3,63197.9
KARNATAKA,BENGALURU RURAL,6.85,0.3729755538579068,10.143552960706948,0.481973712581313,0.6,-27.303030303030305,1,287.9
KARNATAKA,BENGALURU SOUTH,20.78467787114846,0.3818806136142001,47.51119287507856,0.493378266333262,0.4,167.9939393939394,1,406.3
KARNATAKA,BENGALURU URBAN,0.0,0.0,0.0,0.0,0.3,-298.03636363636366,2,2307.4
KARNATAKA,BIDAR,5050.108167074927,0.867429970167428,7257.702695909184,0.3075379955341423,0.9,404.5515151515152,0,12768.7
KARNATAKA,BIJAPUR,4361.6668038624,0.8623088986217716,5510.748313911016,0.3073706004284527,0.9,227.8969696969697,0,8972.3
KARNATAKA,BIJAPUR(KAR),0.7166666666666666,0.2493939393939394,1.0124228365658292,0.3268361285304365,0.4,0.7212121212121212,1,1.7
KARNATAKA,CHAMARAJANAGAR,83.69561405614157,0.8507188129437079,92.54262801553838,0.3050016037455564,0.9,73.93939393939394,0,320.4
KARNATAKA,CHAMARAJANAGAR *,2.056111111111111,0.3219720130381027,3.1760100949866,0.4192095110793754,0.4,5.072727272727273,1,14.1
KARNATAKA,CHAMRAJANAGAR,2157.2364490720697,0.8609918969756484,2568.849333425174,0.3071121025153717,0.9,228.4909090909091,0,4640.3
KARNATAKA,CHAMRAJNAGAR,78.466028404197,0.8538247305225413,83.86686077705544,0.3043985556467207,0.9,126.65454545454548,0,456.8
KARNATAKA,CHICKMAGALUR,1541.321135688684,0.8722004650363078,1706.045392651763,0.3084677544487547,0.9,193.5151515151515,0,3363.4
KARNATAKA,CHIKKABALLAPUR,4319.972154914557,0.8644890340530041,5221.390845094172,0.3073562204865512,0.9,-86.07272727272729,0,8130.6
KARNATAKA,CHIKKAMAGALURU,1466.247445068676,0.8612585022086131,1764.4953634931385,0.3068866985443496,0.9,10.606060606060607,0,2741.6
KARNATAKA,CHIKMAGALUR,64.95609422669756,0.8565808562243099,63.071428459833,0.3043708927861828,0.9,44.078787878787885,0,225.1
KARNATAKA,CHITRADURGA,6040.712680600701,0.8651966620705549,6739.456529238511,0.3071744303426514,0.9,135.5090909090909,0,11298.1
KARNATAKA,DAKSHINA KANNADA,6751.102237057746,0.8631601329872559,8374.038933793256,0.3069806306048042,0.9,498.03636363636366,0,14095.8
KARNATAKA,DAVANAGERE,304.1039699850798,0.8710974935540714,360.5273818984865,0.3080206809038511,0.9,157.22424242424245,0,992.0
KARNATAKA,DAVANGERE,7447.339842745078,0.8644208055842109,8022.414555474882,0.3069609643666802,0.9,-328.0969696969697,0,12801.8
KARNATAKA,DHARWAD,8888.488484407553,0.8637186840530046,10306.276479699432,0.3072924618502698,0.9,-724.4909090909092,0,14804.3
KARNATAKA,GADAG,3964.985087917629,0.8472965709871545,4930.119333088025,0.3072012755608124,0.9,-106.07272727272728,0,7392.6
KARNATAKA,GADAG *,87.95033216892271,0.8575065353473305,101.38665295462604,0.3061380414685017,0.9,25.91515151515152,0,233.2
KARNATAKA,GULBARGA,4236.223685532792,0.8631058389165547,4635.1470904180505,0.3071879627593196,0.9,643.6242424242425,0,9252.0
KARNATAKA,HASAN,481.4572570223005,0.8712639314949842,535.3652955758561,0.3081638994707347,0.9,412.6,0,1924.3
KARNATAKA,HASSAN,5157.405934812136,0.8709565813050512,5647.216494518027,0.3084645285914593,0.9,-134.73939393939395,0,8835.2
KARNATAKA,HAVERI,8311.75174456371,0.8629203062846255,9351.73034386464,0.3069662274955244,0.9,-800.8363636363637,0,13020.0
KARNATAKA,HAVERI *,96.50775,0.8620348948095804,149.311988952895,0.304956575999795,0.9,21.92727272727273,0,249.8
KARNATAKA,KALABURAGI,5692.936876428268,0.8570079981720923,7385.26903207317,0.3048012408702429,0.9,-188.6606060606061,0,11513.9
KARNATAKA,KODAGU,1445.722716096357,0.8679943722565495,1635.979486664304,0.307582154074095,0.9,130.27272727272728,0,2999.7
KARNATAKA,KOLAR,6512.250460875559,0.8650544644858089,7332.979618277876,0.307512777480537,0.9,-137.89090909090913,0,11573.4
KARNATAKA,KOPPAL,5959.879305103866,0.8544677339728084,6639.14815251024,0.3058360452163232,0.9,-36.81212121212124,0,10866.2
KARNATAKA,MANDYA,5974.14573419208,0.8699501349276282,6809.0069273688,0.30806420610592,0.9,-1.3575757575757468,0,10963.4
KARNATAKA,MYSORE,3598.0049673267013,0.8701896296575496,3889.669888769669,0.3081079510908225,0.9,522.0363636363636,0,7882.2
KARNATAKA,MYSURU,3358.0767499711983,0.8558170688233673,5856.758403842121,0.3034232822979348,0.9,-179.0848484848485,0,9613.5
KARNATAKA,RAICHUR,6958.594748202714,0.850448098896741,9170.811530161613,0.3046389615544851,0.9,654.7151515151515,0,16882.0
KARNATAKA,RAMANAGAR,4446.8837567568,0.8637115500934062,5020.746646342118,0.3077932744069173,0.9,-42.52727272727273,0,7870.5
KARNATAKA,RAMANAGARA,0.0,0.0,0.0,0.0,0.1,-1.236363636363636,2,20.4
KARNATAKA,SHIMOGA,1875.4292211670545,0.8646589281591405,2065.904474633533,0.3070195696303141,0.9,389.3272727272728,0,4462.3
KARNATAKA,SHIVAMOGGA,3323.661310904355,0.8664321579939225,4070.432957934065,0.3074294455728023,0.9,-97.89090909090908,0,6063.4
KARNATAKA,TUMAKURU,4062.5849562063377,0.8629428685814519,4539.420325068331,0.306983889098638,0.9,-6.4606060606060725,0,7498.6
KARNATAKA,TUMKUR,4589.310469210838,0.8743562175996594,5151.34370301589,0.3089889286848403,0.9,359.19393939393944,0,9400.3
KARNATAKA,UDUPI,2933.9865928415315,0.8588519649488922,3695.2786995559054,0.3073611515290342,0.9,355.89696969696973,0,6559.1
KARNATAKA,UDUPI *,0.4,0.1333333333333333,0.8432740427115678,0.2810913475705225,0.3,0.2303030303030303,1,0.6
KARNATAKA,UTTARA KANNADA,3769.342918796449,0.8630670564887627,4693.086326035847,0.3071372961430821,0.9,213.96969696969697,0,7725.7
KARNATAKA,VIJAYANAGARA,2132.2477809705933,0.8438514898707583,2470.0341436111707,0.3052367959491418,0.9,-123.07272727272728,0,3675.9
KARNATAKA,VIJAYAPURA,3820.701218795834,0.845447958853845,5869.18954218106,0.3043438452485515,0.9,108.0424242424242,0,9065.9
KARNATAKA,YADGIR,4746.079873861324,0.8413425230345553,6438.636085865523,0.3027708898450582,0.9,52.36969696969699,0,10756.3
KERALA,ALAPPUZHA,6122.103163494189,0.877148355092921,6522.929568544248,0.3097077820810026,0.9,818.5030303030304,0,12802.3
KERALA,ERNAKULAM,7063.035120222511,0.8751410417668021,11639.313753798227,0.3089120593824737,0.9,870.3151515151516,3,22128.6
KERALA,IDUKKI,3300.3571674339605,0.8768907397137774,3516.2717146205828,0.3097138004221677,0.9,276.44242424242424,0,6512.3
KERALA,KANNUR,6536.501546220491,0.8750851724571553,8461.385585164237,0.3091174189214821,0.9,1369.1515151515152,0,18307.4
KERALA,KASARAGOD,5375.858791642561,0.8696463615946632,5670.549873975304,0.3081261163178628,0.9,333.81212121212127,0,10366.9
KERALA,KASARGOD,44.90754721117722,0.7607019006334389,55.50679118334509,0.4029043090519241,0.8,140.64242424242423,0,432.2
KERALA,KOLLAM,7217.744388276405,0.8768653645671141,9309.734613285544,0.3095739905025084,0.9,860.2666666666668,0,18548.0
KERALA,KOTTAYAM,5180.571472948737,0.8765542605158878,5603.807020841939,0.309513540835979,0.9,887.9636363636364,0,11174.6
KERALA,KOZHIKODE,10907.621525383169,0.8792182179837814,12161.051834464057,0.3101626866324401,0.9,2208.0060606060606,3,24881.7
KERALA,MALAPPURAM,13347.789798926504,0.8711085110451731,17993.818326974586,0.3082534305119266,0.9,3597.5636363636368,3,39096.6
KERALA,PALAKKAD,11530.273192875917,0.8722863770166022,12323.32193956967,0.3085448110307777,0.9,419.02424242424246,3,21656.7
KERALA,PATHANAMTHITTA,4018.320543810575,0.8806532673901485,4323.858153766689,0.3104365184816032,0.9,495.6242424242424,0,8235.6
KERALA,THIRUVANANTHAPURAM,6754.31637452918,0.8741529348027536,10954.509785045804,0.3088040671879651,0.9,764.3515151515152,3,22041.8
KERALA,THRISSUR,8023.699151820118,0.8736424335560542,10414.71093886384,0.3089585068171629,0.9,1078.9636363636364,3,21140.3
KERALA,WAYANAD,2831.735829136888,0.8778333841413499,3247.3615591940265,0.3099046468709051,0.9,152.21818181818185,0,5643.4
LADAKH,KARGIL,270.4857201936291,0.833800984697653,459.794748907054,0.3037885504766107,0.9,8.442424242424245,0,592.3
LADAKH,LEH,347.5554813703426,0.876606491173748,622.9341934941948,0.3094162070326099,0.9,-27.757575757575754,0,619.2
LAKSHADWEEP,LAKSHADWEEP,307.981469017094,0.8718008695465409,320.14235686683173,0.3085570455425157,0.9,33.84848484848485,0,619.9
MADANAPALLE,KADIRI ROAD,0.2,0.0666666666666666,0.6324555320336759,0.2108185106778919,0.1,0.1090909090909091,2,0.2
MADHYA PRADESH,AGAR MALWA,1555.8586110383685,0.8189990781689758,1692.445322565664,0.3067128744669728,0.9,90.24242424242424,0,2923.4
MADHYA PRADESH,ALIRAJPUR,1243.2865918527248,0.8239246729826126,3875.8662689372736,0.2948496541179526,0.9,-296.28484848484845,0,9073.7
MADHYA PRADESH,ANUPPUR,6770.503143775616,0.8566858990638451,7293.676204107719,0.306801450267462,0.9,-766.6606060606061,0,10077.1
MADHYA PRADESH,ASHOK NAGAR,5164.471493793884,0.8495126978871406,8312.721989806916,0.3045072794495445,0.9,-1258.8060606060606,0,12457.1
MADHYA PRADESH,ASHOKNAGAR,0.0,0.0,0.0,0.0,0.2,-28.769696969696973,2,301.1
MADHYA PRADESH,BALAGHAT,11697.736071568315,0.8579454880385269,15247.027093700815,0.3062928804873276,0.9,-1438.7575757575758,3,21285.9
MADHYA PRADESH,BARWANI,3231.751908571877,0.8154259487579691,10182.980535603852,0.2919205156242767,0.9,-2903.1454545454544,0,24800.9
MADHYA PRADESH,BETUL,7363.415141387893,0.8593844621103435,12178.646805242475,0.3053176055178919,0.9,-684.4606060606061,0,21223.4
MADHYA PRADESH,BHIND,28.70188605156103,0.8172076689171565,62.48714194842501,0.2906406502511998,0.9,25.381818181818208,0,15534.8
MADHYA PRADESH,BHOPAL,7246.402290104452,0.8542624453592976,15263.588652863731,0.3037727119535804,0.9,-688.3515151515152,3,29016.4
MADHYA PRADESH,BURHANPUR,974.735313673546,0.8160344851456462,3056.261220968341,0.2899330186488171,0.9,-417.1575757575758,0,10037.3
MADHYA PRADESH,CHHATARPUR,4547.010996129029,0.8284732166864025,14328.634948846857,0.2964405762085287,0.9,-1613.387878787879,0,25622.5
MADHYA PRADESH,CHHINDWARA,15240.152103484825,0.8532810952128683,16261.049246277027,0.3063175976731868,0.9,-991.078787878788,3,23859.4
MADHYA PRADESH,DAMOH,13682.2087718792,0.8572441822380158,14986.553528500144,0.3063820564570443,0.9,-2090.745454545455,3,19600.3
MADHYA PRADESH,DATIA,3182.7732316046504,0.8386122997249043,5297.557583563316,0.3010118563995885,0.9,-136.72727272727275,0,8932.2
MADHYA PRADESH,DEWAS,4180.908342201366,0.8377749715138011,8868.944214176036,0.301071727977088,0.9,-492.04848484848486,0,17759.2
MADHYA PRADESH,DHAR,6939.155317906989,0.8413548198482619,14602.964635241187,0.3007317779582909,0.9,-1557.551515151515,0,24655.8
MADHYA PRADESH,DINDORI,8262.028049315802,0.8613069856421273,8841.845527147678,0.3067062614275029,0.9,-1385.078787878788,0,11155.2
MADHYA PRADESH,EAST NIMAR,2335.285800856501,0.8307958497353336,3059.995247891499,0.3028278969392923,0.9,-40.745454545454535,0,5382.9
MADHYA PRADESH,GUNA,7622.255244953298,0.8411789162168836,12496.426852776633,0.3021467517214236,0.9,-1484.4242424242425,0,19565.0
MADHYA PRADESH,GWALIOR,21.7715273109704,0.8227791407257816,30.131490429815617,0.2933423550476073,0.9,-567.230303030303,0,22738.1
MADHYA PRADESH,HARDA,3363.32810468089,0.8483394636834483,3586.3375629232537,0.3053512214864844,0.9,-402.7151515151516,0,5007.0
MADHYA PRADESH,HARDA *,759.7849227166388,0.8539138680906516,825.117592896431,0.3062292068483813,0.9,-41.16363636363637,0,1287.6
MADHYA PRADESH,HOSHANGABAD,5730.372478455081,0.8448003976439855,7419.234950432328,0.3045519922864881,0.9,-550.030303030303,0,11544.1
MADHYA PRADESH,INDORE,4828.280787788711,0.8477067358071434,15177.810013801329,0.301636571816791,0.9,-705.5515151515151,0,43061.4
MADHYA PRADESH,JABALPUR,8662.550809726765,0.8555607885594287,14304.50578526032,0.3054013302934498,0.9,163.16363636363636,3,26318.2
MADHYA PRADESH,JHABUA,2170.2630258640647,0.8131167536186552,6834.294786582154,0.2907932395169494,0.9,-342.8363636363636,0,14367.6
MADHYA PRADESH,KATNI,1604.850503183899,0.835499427061848,4948.4063305859945,0.30126837512265,0.9,247.0969696969697,0,16633.5
MADHYA PRADESH,KHANDWA,2082.403176043099,0.8414640917154703,4379.315234999644,0.3005891214503864,0.9,-470.3939393939394,0,8126.9
MADHYA PRADESH,KHARGONE,3247.170846629463,0.834416079813912,10208.14133697783,0.2978546214072472,0.9,-1685.5030303030303,0,22522.0
MADHYA PRADESH,MAIHAR,152.0096263210529,0.7557883963998873,313.380933552662,0.4014827257336015,0.8,114.2666666666667,0,595.6
MADHYA PRADESH,MANDLA,8393.382936939397,0.8488911816933546,8874.677101866206,0.3053783201340642,0.9,-1060.69696969697,0,12413.9
MADHYA PRADESH,MANDSAUR,10166.849669409288,0.8351319016786558,11563.003774197266,0.3068115678078724,0.9,-1173.8727272727274,3,15479.1
MADHYA PRADESH,MAUGANJ,120.77549893692417,0.7527273302115529,299.0960943579158,0.4002045557829381,0.8,110.24848484848484,0,558.5
MADHYA PRADESH,MORENA,5341.863955369397,0.8170618205540434,16860.26002394796,0.2917413316702053,0.9,-2538.939393939394,0,27835.7
MADHYA PRADESH,NARMADAPURAM,707.8656282178192,0.8485059497345402,772.4423310848968,0.3061131834865127,0.9,47.2969696969697,0,1349.6
MADHYA PRADESH,NARSIMHAPUR,656.8447291564593,0.8483944765986914,718.2804134043163,0.3057039685229405,0.9,164.96363636363637,0,1582.3
MADHYA PRADESH,NARSINGHPUR,3941.224591219048,0.851033660258194,5097.929326618914,0.3049486045237567,0.9,-17.96363636363634,0,9448.8
MADHYA PRADESH,NEEMUCH,6291.823746725748,0.8427786201766612,6765.358906958016,0.3057038327605854,0.9,-448.0787878787879,0,9895.1
MADHYA PRADESH,NIWARI,233.31849624060152,0.8658548867509172,275.8231794772151,0.3072259437769898,0.9,-5.381818181818183,0,417.6
MADHYA PRADESH,PANDHURNA,13.25793665158371,0.4604481585855945,26.07126777280858,0.4872806077598171,0.5,45.46666666666666,1,129.6
MADHYA PRADESH,PANNA,4126.245042566401,0.8308280382743115,8902.551708402636,0.3036295020907722,0.9,-1119.5939393939393,0,15020.3
MADHYA PRADESH,RAISEN,8201.985721112173,0.8526322657294862,10671.023578834296,0.3048926749964076,0.9,-806.0363636363636,0,16702.8
MADHYA PRADESH,RAJGARH,14876.562487746489,0.8526512240291886,15974.208748960633,0.3055372192228991,0.9,-1979.078787878788,3,21568.0
MADHYA PRADESH,RATLAM,14000.03627699472,0.8533622495960754,15610.538378873798,0.3072340258229874,0.9,-402.3272727272727,3,22235.2
MADHYA PRADESH,REWA,17325.0572529214,0.8617431266587395,18651.53529375349,0.3067993851202488,0.9,-1368.1272727272728,3,28893.1
MADHYA PRADESH,SAGAR,7430.957322606149,0.8475371141299994,15694.00058964861,0.3034101453844374,0.9,-1620.2121212121212,3,29444.3
MADHYA PRADESH,SATNA,9316.437908098482,0.852295692056447,15406.58247314864,0.3046906297483254,0.9,-777.5636363636363,3,27304.2
MADHYA PRADESH,SEHORE,7814.227777679332,0.8531572047846483,10204.356354459658,0.3036057037534485,0.9,-907.969696969697,0,15238.9
MADHYA PRADESH,SEONI,10968.298621614154,0.8560465603299827,12292.068031957864,0.3060080225820969,0.9,-1403.0424242424242,3,16611.6
MADHYA PRADESH,SHAHDOL,9809.874438247296,0.860687372280443,10800.592043659157,0.3064723709997357,0.9,-842.4,3,15464.6
MADHYA PRADESH,SHAJAPUR,10942.995760068943,0.8480149178110612,11741.563299197793,0.3052541306672869,0.9,-1079.121212121212,3,16489.1
MADHYA PRADESH,SHEOPUR,2698.532983772116,0.8282226689261648,5727.088996422001,0.2960559730521909,0.9,-671.2969696969698,0,10230.4
MADHYA PRADESH,SHIVPURI,6174.847239822612,0.84160299193453,14095.066637835209,0.3008852086610921,0.9,-1397.521212121212,0,24824.3
MADHYA PRADESH,SIDHI,12157.24863660699,0.856162551840203,13600.281051466636,0.3061185774311469,0.9,-1948.242424242424,3,18159.2
MADHYA PRADESH,SINGRAULI,11411.019239005816,0.8536754671682989,12749.99749776055,0.3055714069720798,0.9,-1482.6060606060605,3,17168.4
MADHYA PRADESH,TIKAMGARH,14952.358152600758,0.8564579765286666,16493.671335832325,0.3060618875848266,0.9,-1936.5454545454545,3,21902.6
MADHYA PRADESH,UJJAIN,13220.262455998743,0.8447583846664319,14387.226604745963,0.3054986118000107,0.9,386.539393939394,3,24096.7
MADHYA PRADESH,UMARIA,4089.8223219021793,0.8338279751401709,4888.71259400427,0.3048881636456957,0.9,-89.27272727272728,0,7418.6
MADHYA PRADESH,VIDISHA,3959.16187428743,0.8472782448668253,8347.250924903303,0.301539716512204,0.9,-351.24242424242425,0,18456.1
MADHYA PRADESH,WEST NIMAR,631.5406470968771,0.8488130319213365,682.2557709008165,0.3056046130518201,0.9,63.54545454545455,0,1263.7
MAHARASHTRA,AHILYANAGAR,17.392857142857142,0.0994283380971825,55.00104358935717,0.3144200123523888,0.1,133.52727272727273,1,244.8
MAHARASHTRA,AHMADNAGAR,17046.702661083415,0.8868078219453759,23085.21503997944,0.3121176283685279,0.9,9136.703030303031,3,60306.4
MAHARASHTRA,AHMED NAGAR,152.72022754787037,0.882828680648698,167.80338075677952,0.3108068536016575,0.9,374.83636363636367,0,1177.4
MAHARASHTRA,AHMEDNAGAR,0.0,0.0,0.0,0.0,0.1,-2.2303030303030296,2,36.8
MAHARASHTRA,AKOLA,9211.200241336266,0.8839428083148771,12866.896734490449,0.3111556403547447,0.9,1391.3151515151517,3,25187.5
MAHARASHTRA,AMRAVATI,12024.78536438398,0.8865491070951812,20215.133810783227,0.3118568734501122,0.9,2379.666666666666,3,44138.9
MAHARASHTRA,AURANGABAD,7313.411839887604,0.8693399570712735,15420.91365348736,0.3070221867632768,0.9,4216.636363636364,3,48389.5
MAHARASHTRA,BEED,5367.189096124,0.8782830152191297,16843.646930115738,0.3090072461886504,0.9,2989.157575757576,3,43683.1
MAHARASHTRA,BHANDARA,6011.294993102712,0.8900034630138045,6564.214117036769,0.3130369706471482,0.9,1105.5333333333333,0,14200.1
MAHARASHTRA,BID,333.66464044336306,0.7835922656856446,506.1175784332951,0.413765285144792,0.8,684.2060606060606,0,2237.8
MAHARASHTRA,BULDANA,1516.6148869436624,0.886937883364396,1608.8289250031455,0.3124498272553003,0.9,1299.2424242424242,0,5975.3
MAHARASHTRA,BULDHANA,6762.24961788608,0.8824768101596829,11716.03669574662,0.3106152253172252,0.9,4637.618181818181,3,34075.7
MAHARASHTRA,CHANDRAPUR,6056.882720226129,0.8868839285973997,12764.350836235451,0.3119716300297668,0.9,3723.103030303031,3,33018.0
MAHARASHTRA,CHATRAPATI SAMBHAJI NAGAR,629.8588230619824,0.8720302832973212,1053.050698414692,0.3086424434660786,0.9,-28.684848484848487,0,1005.5
MAHARASHTRA,CHHATRAPATI SAMBHAJINAGAR,496.68343528378057,0.8688992830531588,646.6091867973914,0.3084545910346962,0.9,459.6060606060606,0,2061.5
MAHARASHTRA,DHARASHIV,53.67208706022659,0.8723025310312211,48.71046571575837,0.3075443009592292,0.9,130.40606060606063,0,397.5
MAHARASHTRA,DHULE,4638.194167544816,0.8612526435701684,9812.408789957572,0.3050793105609666,0.9,1808.5151515151515,0,27236.7
MAHARASHTRA,DIST : THANE,0.1,0.05,0.3162277660168379,0.1581138830084189,0.1,0.0545454545454545,2,0.1
MAHARASHTRA,GADCHIROLI,7556.305637626547,0.8898927045612599,8174.048992636828,0.3131950836061288,0.9,2499.09696969697,3,19573.7
MAHARASHTRA,GONDIA,24.651190476190475,0.3904811537736783,36.869887964448175,0.5042567132661849,0.4,71.33939393939394,1,186.9
MAHARASHTRA,GONDIYA,6079.387332013165,0.8869754399189469,6675.382001881972,0.312310661424475,0.9,1937.9636363636364,0,16302.2
MAHARASHTRA,GONDIYA *,23.907878787878783,0.3913080813967332,34.5729348788932,0.5052625426317546,0.4,133.75151515151515,1,347.3
MAHARASHTRA,HINGOLI,1884.6596434866076,0.8582099941066982,5859.524776733366,0.3050343364780711,0.9,3453.975757575758,0,22180.4
MAHARASHTRA,HINGOLI *,1.0,0.2799999999999999,1.4142135623730951,0.3635218674965072,0.4,0.4303030303030303,1,1.3
MAHARASHTRA,JALGAON,11133.502858398377,0.88083917658636,23421.31200953216,0.3101539533468173,0.9,4473.260606060606,3,58172.0
MAHARASHTRA,JALNA,11571.12483308961,0.8853088188712999,13081.661605993126,0.3117999457272967,0.9,2739.6,3,27782.2
MAHARASHTRA,KOLHAPUR,17168.396011956782,0.8862731868016904,18462.94726541384,0.311956515478265,0.9,3652.0,3,40849.8
MAHARASHTRA,LATUR,8922.308701280084,0.880397766839646,18792.871898014346,0.3100678094860432,0.9,1391.9939393939394,3,37997.5
MAHARASHTRA,MUMBAI,19409.165215800404,0.8789049922894391,25725.076138927263,0.3098739710822516,0.9,4523.139393939394,3,55439.4
MAHARASHTRA,MUMBAI CITY,4723.040009752837,0.8763133760194682,5643.59626409378,0.3095592665814898,0.9,557.630303030303,0,10237.5
MAHARASHTRA,MUMBAI SUBURBAN,8392.904761459571,0.8583654871019009,19785.50309942299,0.3034869748214043,0.9,1830.8060606060608,3,38538.3
MAHARASHTRA,MUMBAI( SUB URBAN ),39.52629243029644,0.5763798019008449,69.5959883995823,0.4966066957365708,0.6,345.9333333333334,1,898.7
MAHARASHTRA,NAGPUR,11884.78261592198,0.880051152048732,25439.38699204797,0.3098375764270412,0.9,2141.0424242424247,3,52165.2
MAHARASHTRA,NANDED,6268.480710550451,0.8795933779787658,19673.437745712123,0.3095891307052506,0.9,7617.951515151516,3,59127.6
MAHARASHTRA,NANDURBAR,5050.927200382563,0.8654339338170971,10674.713703012128,0.3060115091481529,0.9,328.24848484848485,0,25130.7
MAHARASHTRA,NANDURBAR *,7.656079265562025,0.3736171740806017,11.184749698126264,0.4831812596209996,0.4,87.8,1,238.5
MAHARASHTRA,NASHIK,20974.24141700338,0.8792579566313524,35789.140962660655,0.3098306557317313,0.9,8153.503030303032,3,84507.4
MAHARASHTRA,OSMANABAD,9344.987561276042,0.8858229863088896,12792.536714084248,0.311848090347559,0.9,2284.060606060606,3,26791.4
MAHARASHTRA,PALGHAR,4035.298167185597,0.8673903333249259,12668.701925842292,0.3057091233646937,0.9,2499.236363636364,3,29075.8
MAHARASHTRA,PARBHANI,5021.856794588732,0.8826962011507004,10593.746322630728,0.3107030241522989,0.9,3236.418181818182,3,30712.7
MAHARASHTRA,PUNE,14821.028060273942,0.8748383882903052,46269.55331672503,0.3084246329651604,0.9,7573.727272727273,3,107600.3
MAHARASHTRA,RAIGAD,1616.340678653863,0.8445374382309035,2630.406371958097,0.3043753484111073,0.9,313.2545454545455,0,5981.9
MAHARASHTRA,RAIGARH,9232.169593180124,0.8851758901573475,10387.82538625046,0.3117375238586564,0.9,3216.8727272727274,3,24776.0
MAHARASHTRA,RAIGARH(MH),7.220967741935484,0.3700497512241973,11.691534989192602,0.4786785128550082,0.4,56.721212121212126,1,144.1
MAHARASHTRA,RATNAGIRI,6700.518311546191,0.89136222687397,7260.612801492085,0.3133918278705562,0.9,2864.7818181818184,3,19480.1
MAHARASHTRA,SANGLI,5292.273256037384,0.8791252243234983,11492.211886272624,0.3095163544154143,0.9,3611.775757575758,3,32052.9
MAHARASHTRA,SATARA,3360.9505751052725,0.8844630646513544,10455.260530358122,0.3109219182686181,0.9,3527.6666666666665,3,31381.3
MAHARASHTRA,SINDHUDURG,2441.463663365425,0.8903110905004334,2753.1886198194907,0.3131010982107394,0.9,1222.490909090909,0,7747.1
MAHARASHTRA,SOLAPUR,10634.67071525333,0.8823738451419454,23555.936325622693,0.3104415186779703,0.9,7993.484848484848,3,61234.5
MAHARASHTRA,THANE,282.5986781574176,0.8613012373028883,829.8856009542129,0.3034775685550463,0.9,6935.163636363637,0,106221.4
MAHARASHTRA,WARDHA,6936.604502951804,0.890315410640625,7687.592421831612,0.313153375496788,0.9,1257.478787878788,0,15875.4
MAHARASHTRA,WASHIM,4399.839435350276,0.8849579847042192,7250.359732178467,0.311264657929565,0.9,2431.6121212121216,0,19588.0
MAHARASHTRA,WASHIM *,27.99136363636364,0.388388182540416,59.42548800519562,0.5015534610205769,0.4,75.05454545454546,1,186.6
MAHARASHTRA,YAVATMAL,12415.28038781273,0.8863334291169125,21531.323853232083,0.3117758490690521,0.9,6959.775757575758,3,53089.3
MANIPUR,BISHNUPUR,1822.0410597831935,0.8781598989849823,3333.5614900700957,0.3106147657546944,0.9,1426.8909090909094,0,7348.1
MANIPUR,CHANDEL,644.0447735155497,0.8643908456505536,906.4811218189292,0.3105848771915023,0.9,227.0,0,1843.1
MANIPUR,CHURACHANDPUR,785.9562123427623,0.7786928644751763,2013.50681590538,0.2987670154246252,0.9,379.1575757575757,0,4272.3
MANIPUR,IMPHAL EAST,3493.1960915843715,0.8916972737651274,6812.377502492077,0.3136016692773521,0.9,2624.09696969697,0,11642.6
MANIPUR,IMPHAL WEST,3233.8066712605587,0.8882531454888266,6098.557543169583,0.3124212857210106,0.9,2686.927272727273,0,12189.7
MANIPUR,JIRIBAM,175.34488958410012,0.8736140894561929,197.9994723385475,0.3085875455214366,0.9,32.72727272727273,0,410.8
MANIPUR,KAKCHING,136.73621794871795,0.8856095488494157,231.99226811632576,0.3113271699781962,0.9,128.40606060606063,0,548.1
MANIPUR,KANGPOKPI,0.3,0.075,0.948683298050514,0.2371708245126284,0.1,0.1636363636363636,2,0.3
MANIPUR,PHERZAWL,7.3625,0.3405034154012482,11.969644766380217,0.4567364581532232,0.4,7.775757575757576,1,18.9
MANIPUR,SENAPATI,1625.9882834384491,0.8762141392180013,2181.7388318167023,0.3104028609284304,0.9,791.5939393939393,0,4960.7
MANIPUR,TAMENGLONG,580.2942125304049,0.8583413391603733,757.8903305714449,0.3082182533419607,0.9,312.3212121212121,0,1924.5
MANIPUR,THOUBAL,3371.9524360140194,0.8938017560445866,6038.147610777886,0.3141601402257655,0.9,2520.7515151515154,0,11635.4
MANIPUR,UKHRUL,1000.7416879349612,0.8760739095365272,1360.2736368944577,0.3102560742835673,0.9,463.4727272727272,0,2964.7
MEGHALAYA,EAST GARO HILLS,361.960074058922,0.5200175861015021,1134.2333535737698,0.3495952834590853,0.9,-213.0727272727273,0,1512.1
MEGHALAYA,EAST JAINTIA HILLS,159.5950237823946,0.5085991376150402,494.8890652115118,0.3720290113295269,0.9,-66.12727272727274,0,1130.9
MEGHALAYA,EAST KHASI HILLS,4.573356531192766,0.53357032491164,8.596125996819676,0.3099761354901843,0.9,-488.9090909090909,0,6617.6
MEGHALAYA,EASTERN WEST KHASI HILLS,0.3380709454218655,0.1652972525219221,0.5362933330080761,0.2448186966639048,0.4,49.38181818181818,2,113.2
MEGHALAYA,JAINTIA HILLS,2.58,0.3233333333333333,4.52985160414285,0.4234285785689294,0.4,1.121212121212121,1,3.7
MEGHALAYA,KAMRUP,0.0,0.0,0.0,0.0,0.1,-0.8666666666666669,2,14.3
MEGHALAYA,NORTH GARO HILLS,173.73880614738718,0.5784887475370583,513.8356809134619,0.3525358199277679,0.9,-56.82424242424243,0,814.4
MEGHALAYA,RI BHOI,7.481896583558578,0.4972974225744169,17.3468215148816,0.3586982770386125,0.9,-130.20606060606062,0,2204.8
MEGHALAYA,SOUTH GARO HILLS,237.97579874937347,0.4504203631816441,742.4737477944335,0.358992137966201,0.9,-130.32727272727274,0,973.0
MEGHALAYA,SOUTH WEST GARO HILLS,432.6275941469789,0.5950003082464276,1352.9009979357638,0.3445604067799701,0.9,-183.72727272727272,0,1705.3
MEGHALAYA,SOUTH WEST KHASI HILLS,386.4907775978986,0.5616244735031601,1214.1465094943078,0.3245089193964512,0.9,-186.95757575757577,0,1161.8
MEGHALAYA,WEST GARO HILLS,1046.6179136859946,0.6916246987853196,3297.689274702453,0.2805939419067414,0.9,-705.1575757575757,0,6431.5
MEGHALAYA,WEST JAINTIA HILLS,2.4608146081492555,0.4811814535818845,3.1385746898696483,0.3286059615875129,0.9,-322.5515151515152,0,2545.3
MEGHALAYA,WEST KHASI HILLS,2.5720218207781422,0.4856263103081034,3.1287288101381807,0.3421752051122899,0.9,-473.3939393939394,0,3249.6
MIZORAM,AIZAWL,3460.053747634937,0.8754034275278169,6710.370408552752,0.3094915257046139,0.9,-962.0000000000002,0,5162.8
MIZORAM,CHAMPHAI,1089.5239808835977,0.832365613616308,3080.5832141812607,0.2969627140163409,0.9,-632.3272727272728,0,2360.2
MIZORAM,HNAHTHIAL,4.65,0.3584777183600713,7.753314703331014,0.4637976920828642,0.4,2.521212121212121,1,6.6
MIZORAM,KHAWZAWL,0.6454545454545455,0.2298007246376811,0.9687761963637188,0.314170401161816,0.4,2.563636363636364,1,7.9
MIZORAM,KOLASIB,1115.6959504825186,0.8637534442142748,1945.008915252802,0.3067564981410289,0.9,-390.6,0,1507.3
MIZORAM,LAWNGTLAI,797.4929152516663,0.794178030161251,1686.059925761532,0.2907315657543293,0.9,-256.01818181818186,0,1946.7
MIZORAM,LUNGLEI,1477.538015771526,0.8501127008601752,3270.0508142584376,0.3018583209793821,0.9,-613.9272727272728,0,2333.8
MIZORAM,MAMIT,1038.692520408163,0.869188076280565,1815.4816802658609,0.3081899034905059,0.9,-376.70909090909095,0,1269.5
MIZORAM,MAMMIT,267.35753846153847,0.860604757105893,493.9866535922386,0.305882953695988,0.9,-88.76363636363635,0,357.2
MIZORAM,SAIHA,514.5679622643172,0.7661666219790788,1122.601246780603,0.3059423623507113,0.9,-193.44242424242424,0,826.4
MIZORAM,SAITUAL,10.123809523809523,0.5489219216792746,11.21234944359796,0.4754862872136533,0.6,3.951515151515152,1,21.6
MIZORAM,SERCHHIP,807.472621625234,0.8789515828323656,1691.981983583083,0.3099974345694238,0.9,-309.4363636363637,0,1016.1
NAGALAND,CHUMUKEDIMA,96.7418466912554,0.8190438046013163,155.25982130597993,0.3242221753090451,0.9,17.854545454545455,0,267.2
NAGALAND,DIMAPUR,592.9819118305581,0.8094605488410433,1817.498980412525,0.2938647390753017,0.9,39.49090909090909,0,3663.4
NAGALAND,KIPHIRE,318.76053237437,0.7905655931054384,458.30788157716745,0.3091634784471125,0.9,-26.666666666666668,0,717.6
NAGALAND,KOHIMA,639.5645533670674,0.8284155009088897,1084.0275130964974,0.3028122171393626,0.9,-101.26060606060608,0,1888.2
NAGALAND,LONGLENG,130.3323507331193,0.7637394937096965,203.53764651782015,0.3252104691417236,0.9,-21.703030303030303,0,438.3
NAGALAND,MELURI,40.11111111111111,0.3875277705724559,96.53775994216048,0.500546540135948,0.4,40.47272727272728,1,97.8
NAGALAND,MOKOKCHUNG,510.8835279350254,0.8633422764066712,655.4601538598255,0.308188977147141,0.9,-12.042424242424245,0,1173.1
NAGALAND,MON,637.4533160592933,0.8163826345553262,1108.9440482744171,0.3033884926866206,0.9,2.563636363636361,0,2092.9
NAGALAND,NIULAND,42.50049019607843,0.6535416499074614,66.94487702682804,0.4558389787902445,0.7,-3.860606060606061,1,68.9
NAGALAND,NOKLAK,41.29349852142505,0.7452825011872409,51.18981578366913,0.3200304308036809,0.9,15.090909090909092,0,154.8
NAGALAND,PEREN,135.91345162746302,0.7386757352223053,392.0135404960344,0.2963433652513274,0.9,-59.24848484848485,0,784.2
NAGALAND,PHEK,501.45031511986537,0.8240736912955742,699.7983897995565,0.3037225626406891,0.9,-108.50303030303031,0,1126.9
NAGALAND,SHAMATOR,8.375964353559057,0.3785365936207943,20.87107509350148,0.4220226555178611,0.5,27.07878787878788,1,85.0
NAGALAND,TSEMINYU,15.57,0.5147732558139535,27.36866934522749,0.4529078111695332,0.6,1.1696969696969697,1,30.9
NAGALAND,TUENSANG,530.2725259694366,0.808060423024805,882.6638960229279,0.3052761115712996,0.9,-36.93333333333333,0,1552.6
NAGALAND,WOKHA,528.5223820870688,0.8395740008388926,811.3012210382901,0.3069838895449855,0.9,-124.06060606060606,0,939.0
NAGALAND,ZUNHEBOTO,521.515685685332,0.8366967794918567,768.5008391134428,0.3075188812874962,0.9,-58.00606060606061,0,1116.3
NAGPUR,NEAR UDAY NAGAR NIT GARDEN,0.1,0.05,0.3162277660168379,0.1581138830084189,0.1,0.0545454545454545,2,0.1
ODISHA,ANGUL,4754.693252429025,0.8760465708319124,5692.777550232827,0.30960488315644,0.9,140.26060606060608,0,9652.7
ODISHA,ANUGAL,1.1,0.275,1.728840330651992,0.3644080266357249,0.4,0.6909090909090909,1,1.8
ODISHA,ANUGUL,74.58795518207282,0.8754821862667793,66.51375217617907,0.30878195256621,0.9,89.40606060606062,0,365.8
ODISHA,BALANGIR,7117.116567729298,0.8657681462135445,8466.583747396027,0.3077426804148441,0.9,-166.53939393939393,0,13201.1
ODISHA,BALESHWAR,1220.0205652893178,0.8831431199903527,1336.6153391341795,0.3111266761821478,0.9,311.23636363636365,0,3219.2
ODISHA,BALESWAR,7749.401249830136,0.8681791051370007,9782.421043639515,0.3085755656113569,0.9,-15.600000000000012,0,15388.6
ODISHA,BALIANTA,0.1,0.05,0.3162277660168379,0.1581138830084189,0.1,0.0545454545454545,2,0.1
ODISHA,BARGARH,5602.70246445956,0.8681506762093159,6756.106124262635,0.3083247375941311,0.9,448.73333333333335,0,12064.7
ODISHA,BAUDH,304.92252631578947,0.8769014093989567,338.33915511120875,0.3095917586510016,0.9,11.363636363636363,0,613.7
ODISHA,BHADRAK,7234.24131876237,0.8723220725631554,8900.381856422275,0.308918514977331,0.9,-95.79393939393935,0,13663.8
ODISHA,BHADRAK(R),0.1,0.05,0.3162277660168379,0.1581138830084189,0.1,0.0545454545454545,2,0.1
ODISHA,BOUDH,1569.268604958847,0.8707244200499484,1859.6192339042984,0.3087629316738515,0.9,131.45454545454547,0,3491.8
ODISHA,CUTTACK,10724.728709441391,0.8748903088902095,12768.625142143506,0.3092942626595937,0.9,-534.3454545454545,3,18847.7
ODISHA,DEBAGARH,1204.8268536854646,0.8734123832909357,1441.0443694215087,0.3089499451668178,0.9,55.18181818181818,0,2510.5
ODISHA,DHENKANAL,5788.279712799846,0.8776266138678872,6975.210309821468,0.3099520711976425,0.9,-190.74545454545452,0,10826.9
ODISHA,GAJAPATI,4574.042229131956,0.878369028078527,5842.64793210119,0.3103681307176316,0.9,-374.2909090909091,0,8226.0
ODISHA,GANJAM,14941.41327060176,0.8759218750020956,19079.748904561304,0.3095553348497946,0.9,-188.84848484848484,3,28415.0
ODISHA,JAGATSINGHAPUR,3305.093377783844,0.8612641033633821,4110.754348444567,0.3075849083002797,0.9,110.36363636363636,0,6693.2
ODISHA,JAGATSINGHPUR,513.458684738631,0.8775446361159677,558.9365762453696,0.3096258011503379,0.9,312.06060606060606,0,1796.0
ODISHA,JAJAPUR,4568.872617202365,0.8759456825259017,5424.288232365421,0.3094646915384309,0.9,39.03030303030303,0,8810.0
ODISHA,JAJPUR,3229.140959942291,0.8614740357021315,4133.0997519512,0.3067658706650712,0.9,-163.64848484848486,0,5852.4
ODISHA,JHARSUGUDA,2110.145754194892,0.8786437903168706,3021.670737754519,0.3101331761858519,0.9,48.60000000000001,0,4361.7
ODISHA,KALAHANDI,7685.258155923157,0.8750939234583713,10132.672168472172,0.3093937900578164,0.9,-333.8060606060606,0,14677.2
ODISHA,KANDHAMAL,5208.67109245004,0.8723482465499017,6725.7429702349455,0.3092984455757215,0.9,-275.830303030303,0,9453.4
ODISHA,KENDRAPARA,6200.208115218851,0.8733031244916207,8331.966963387202,0.3089369301107861,0.9,-77.92727272727274,0,12179.0
ODISHA,KENDUJHAR,8692.349720585249,0.8718331498246006,12111.553660205882,0.3087545177902127,0.9,-603.2000000000002,3,16138.6
ODISHA,KHORDA,7436.307214657104,0.8712052083175944,8956.997801625199,0.3085323330453824,0.9,-213.2363636363636,0,13622.6
ODISHA,KHORDHA,244.9962636490192,0.8766300830367083,325.48795508092985,0.3088983597633773,0.9,286.10303030303027,0,1409.9
ODISHA,KORAPUT,8256.626551721316,0.8757642465549571,10666.19902369869,0.3094803358122228,0.9,-622.9272727272728,0,14979.5
ODISHA,MALKANGIRI,4034.001163709051,0.8661411986815948,5215.910365869328,0.3093375317575385,0.9,-337.030303030303,0,7169.2
ODISHA,MAYURBHANJ,12387.628397848424,0.8710138482854226,15296.67668808507,0.3091953165971237,0.9,-340.11515151515147,3,23651.1
ODISHA,NABARANGAPUR,6527.650053477795,0.8610770266280927,9928.732878912797,0.306407323436307,0.9,-799.721212121212,0,13862.6
ODISHA,NABARANGPUR,0.0,0.0,0.0,0.0,0.1,-2.67878787878788,2,44.2
ODISHA,NAYAGARH,4815.260925963074,0.8755208546285562,5835.095816513875,0.3093014168088743,0.9,-291.89696969696973,0,8610.1
ODISHA,NUAPADA,3346.944646320676,0.8760817933595095,3937.2497406711095,0.3097003642628963,0.9,104.33939393939394,0,6731.4
ODISHA,PURI,5055.3350070382685,0.8737430483187921,6132.348423997022,0.3090940048598933,0.9,314.49090909090904,0,10582.9
ODISHA,RAYAGADA,4826.478383218907,0.8741374114055647,6151.2357938408695,0.3097893223003085,0.9,-86.34545454545453,0,9338.9
ODISHA,SAMBALPUR,4113.677929753528,0.8762704147213064,5343.189883434525,0.3095400734988592,0.9,149.24848484848488,0,8482.0
ODISHA,SONAPUR,2089.654092266622,0.8708207769529542,2692.3360142852525,0.3090724386039464,0.9,-37.93939393939392,0,4090.6
ODISHA,SUBARNAPUR,592.9969491080781,0.8705290174065305,816.583847480556,0.3084190617555474,0.9,-34.09090909090909,0,1118.3
ODISHA,SUNDARGARH,960.0382538447052,0.8814124968106322,1028.35520083292,0.3106969029718994,0.9,182.3878787878788,0,2264.6
ODISHA,SUNDERGARH,8267.038393661425,0.8726653578726411,10513.338273923497,0.3090488238658401,0.9,-802.2121212121212,0,14093.3
ORISSA,ANGUL,0.5,0.1833333333333333,0.8498365855987975,0.2986595567936802,0.3,0.1757575757575757,1,0.5
ORISSA,ANUGUL,2.964204545454545,0.3509801517009583,3.973261008875588,0.4532932488085233,0.4,18.1030303030303,1,46.7
ORISSA,ANUGUL  *,0.1,0.05,0.3162277660168379,0.1581138830084189,0.1,0.0424242424242424,2,0.1
ORISSA,BALANGIR,787.044701754386,0.881353523909857,868.6795598860458,0.3107522665866419,0.9,89.77575757575758,0,1729.9
ORISSA,BALESHWAR,164.5691248520994,0.8643433212460359,175.03446693502235,0.3069534629356667,0.9,114.94545454545457,0,616.0
ORISSA,BALESWAR,1.1833333333333331,0.2869047619047619,1.7646214576755237,0.3757268088926247,0.4,0.7757575757575758,1,2.0
ORISSA,BARGARH,52.93136752136752,0.7717063198226584,52.49474061923016,0.4081376230683163,0.8,34.81212121212121,0,187.0
ORISSA,BAUDH,0.4333333333333333,0.2004761904761904,0.6146362971528592,0.267858730154027,0.4,0.4787878787878788,1,1.3
ORISSA,BHADRAK,322.06359707409285,0.8714547584166448,353.5436485938091,0.3087423299802884,0.9,108.1878787878788,0,858.3
ORISSA,CUTTACK,356.6984686609687,0.8728933587896351,382.8481905552394,0.3086585982592703,0.9,94.63030303030304,0,866.4
ORISSA,DEBAGARH,0.45,0.1699999999999999,0.8242093105845875,0.2830390628713837,0.4,0.7333333333333334,1,1.9
ORISSA,DHENKANAL,87.79334239130435,0.861678457351817,106.00095189559332,0.3054100314051043,0.9,24.921212121212125,0,237.8
ORISSA,GAJAPATI,5.625,0.3672799422799422,8.344367694572323,0.4748717720633124,0.4,5.006060606060607,1,13.8
ORISSA,GANJAM,385.9369088972711,0.8774493677204541,395.74198149747536,0.3096399867249808,0.9,189.84848484848484,0,1166.7
ORISSA,JAGATSINGHAPUR,3.185909090909091,0.3539669073925809,4.226714663934791,0.4572003323700385,0.4,12.624242424242423,1,34.3
ORISSA,JAJAPUR,35.561300194058816,0.7494081872098153,39.82773831596206,0.3984398193235427,0.8,28.60606060606061,0,135.4
ORISSA,JAJAPUR  *,0.3,0.1166666666666666,0.6749485577105528,0.249072353016221,0.2,0.103030303030303,2,0.3
ORISSA,JHARSUGUDA,3.2267857142857137,0.3345074694240291,5.891751038566847,0.4357131521650647,0.4,8.333333333333334,1,20.7
ORISSA,KALAHANDI,1.245,0.2779428904428904,2.211139726224665,0.3673263070943849,0.4,1.5212121212121217,1,4.3
ORISSA,KANDHAMAL,6.470868347338936,0.3740693397248948,8.955694345947633,0.4831860914306016,0.4,19.01212121212121,1,53.1
ORISSA,KENDRAPARA,3.811181800655485,0.357848709695234,5.554676819520368,0.4623776741791419,0.4,19.939393939393938,1,53.0
ORISSA,KENDRAPARA *,0.0,0.0,0.0,0.0,0.1,0.0424242424242424,2,0.1
ORISSA,KENDUJHAR,13.1525,0.4663798858605711,21.96901368974037,0.4925886631768681,0.5,21.715151515151515,1,71.1
ORISSA,KHORDA,0.6,0.1916666666666666,1.07496769977314,0.314392418153798,0.3,0.4909090909090909,1,1.1
ORISSA,KHORDHA,744.6219551852384,0.8731035723484464,854.6543862009457,0.3088083853773489,0.9,160.87878787878788,0,1840.3
ORISSA,KHORDHA  *,0.1,0.05,0.3162277660168379,0.1581138830084189,0.1,0.0545454545454545,2,0.1
ORISSA,KORAPUT,58.225438681219615,0.8658699342453751,56.06495004500288,0.3060789347826438,0.9,37.18787878787879,0,217.8
ORISSA,MALKANGIRI,8.063745819397994,0.4546287792962962,13.13966014551835,0.4805231321729553,0.5,15.24848484848485,1,48.6
ORISSA,MAYURBHANJ,1.728333333333333,0.3108659517820631,2.6685878496146818,0.4054886052223832,0.4,5.290909090909092,1,14.9
ORISSA,NABARANGAPUR,1.6666666666666667,0.3,2.5531389540169016,0.3995462278743434,0.4,1.1636363636363638,1,2.8
ORISSA,NAYAGARH,31.25699170326475,0.6702501657861675,39.19415193484248,0.4632044159296483,0.7,52.92727272727273,1,190.9
ORISSA,NUAPADA,0.35,0.1083333333333333,0.9442810316143532,0.2486072315029383,0.3,0.1575757575757576,2,0.6
ORISSA,PURI,179.70602173913045,0.8753112010220228,201.02899779484767,0.3088851936741423,0.9,87.74545454545455,0,568.8
ORISSA,RAYAGADA,85.99016534391534,0.8533384782549414,96.69309847071077,0.3057212246969844,0.9,32.70909090909091,0,250.7
ORISSA,SAMBALPUR,5.797445887445887,0.3699078000211298,8.240655664645256,0.4780597177235813,0.4,14.636363636363637,1,39.9
ORISSA,SONAPUR,2.8,0.3487171052631579,3.716629297271028,0.4503897068246782,0.4,6.909090909090909,1,19.6
ORISSA,SUBARNAPUR,4.2,0.3485714285714286,6.684143758012524,0.4541849299759778,0.4,2.915151515151515,1,8.7
ORISSA,SUNDARGARH,37.64052939624734,0.6589654175941041,55.66722052513084,0.4567158101909248,0.7,54.357575757575766,1,193.1
ORISSA,SUNDERGARH,0.25,0.1,0.6346477588219923,0.2249828525701843,0.2,0.1454545454545454,2,0.4
PONDICHERRY,CUDDALORE,0.6,0.2,0.966091783079296,0.3220305943597653,0.3,0.1818181818181818,1,0.6
PONDICHERRY,KARAIKAL,28.57482174688057,0.480561791143877,57.59013553440369,0.5068552649574266,0.5,128.05454545454546,1,379.9
PONDICHERRY,PONDICHERRY,1178.303009046071,0.8788152712995755,1234.9266708961256,0.3100734097620312,0.9,390.3333333333333,0,3212.9
PONDICHERRY,VILUPPURAM,0.8,0.2583333333333333,1.1352924243950933,0.3389571880173689,0.4,0.2787878787878788,1,0.8
PONDICHERRY,YANAM,4.525992063492064,0.3661963337009079,6.060389155838642,0.4728963414953726,0.4,13.103030303030303,1,37.6
PUDUCHERRY,KARAIKAL,824.5952738915888,0.8841692257465488,920.948948516956,0.3113768220406474,0.9,121.78181818181818,0,1933.6
PUDUCHERRY,PONDICHERRY,5.4,0.3633099658961728,9.030196257249589,0.4698853812548386,0.4,2.9393939393939394,1,8.3
PUDUCHERRY,PUDUCHERRY,1965.330040390622,0.8818774438165077,2279.103263399973,0.3107255728301621,0.9,537.2121212121212,0,4975.8
PUDUCHERRY,YANAM,9.85,0.3777758620689655,17.829516725549986,0.4879527512327321,0.4,6.709090909090909,1,19.3
PUNJAB,AMRITSAR,3164.176975454271,0.8637401412030379,9684.017547198086,0.3046703983416165,0.9,-1025.612121212121,0,26373.8
PUNJAB,BARNALA,2661.160465383373,0.8816418174623013,3133.8148718291927,0.3108287998197626,0.9,20.193939393939395,0,5005.6
PUNJAB,BATHINDA,7355.575406377284,0.8823797533508554,8246.41847994694,0.3109870293253148,0.9,127.50303030303031,0,13686.4
PUNJAB,FARIDKOT,3153.3802373540225,0.8840981438257393,3593.1087838918725,0.3114752568192974,0.9,-78.2909090909091,0,5503.6
PUNJAB,FATEHGARH SAHIB,2994.341265380763,0.8817328056530686,3595.116019605596,0.3108125410207788,0.9,-21.678787878787865,0,5379.3
PUNJAB,FAZILKA,5638.425130465836,0.8805021824002418,6731.656398764421,0.3105159891686165,0.9,-241.0666666666667,0,9496.8
PUNJAB,FEROZEPUR,5226.939146217589,0.8830821911558349,6717.741746337083,0.3111726398049736,0.9,-466.3878787878788,0,8490.6
PUNJAB,FIROZPUR,730.1615306031409,0.8860400849936179,886.1175510529647,0.3119446393073926,0.9,168.11515151515152,0,1839.9
PUNJAB,GURDASPUR,5165.48839581371,0.8733359207106615,11178.77963055367,0.3079678774161517,0.9,-977.1575757575756,0,19632.7
PUNJAB,HOSHIARPUR,2264.4053507318104,0.870523078817518,7061.953974037621,0.3066677556284982,0.9,-564.6848484848485,0,14344.7
PUNJAB,JALANDHAR,11170.98934765083,0.8788459200998707,13078.269669336978,0.3102229598530021,0.9,-457.0727272727273,3,19651.9
PUNJAB,KAPURTHALA,988.1770409564116,0.8506922136138997,3077.5471050214487,0.2999232795499969,0.9,-47.59393939393941,0,7170.1
PUNJAB,LUDHIANA,53.14858815267367,0.8484251485649908,121.32176135081625,0.2993250164821615,0.9,-822.8969696969698,0,32824.4
PUNJAB,MALERKOTLA,1837.0321090972152,0.8686634226473711,2708.6993411942663,0.3079539724394413,0.9,-79.31515151515151,0,2975.1
PUNJAB,MANSA,5162.892485977491,0.8858505356553847,6019.511862367443,0.3118657926727242,0.9,-491.2848484848485,0,8371.8
PUNJAB,MOGA,5121.15077791456,0.8826209928326089,5650.011024438728,0.3111076452029799,0.9,-196.35757575757577,0,8692.5
PUNJAB,MUKTSAR,545.7998376068376,0.8809830123561264,562.8103352247288,0.3107239389923792,0.9,115.30909090909093,0,1276.4
PUNJAB,NAWANSHAHR,30.15375960061444,0.4881490467859069,45.90029643790384,0.5146220582697183,0.5,271.7757575757576,1,733.9
PUNJAB,PATHANKOT,2389.7989582269115,0.875551231874085,2664.549166630612,0.3092442997931208,0.9,35.303030303030305,0,4220.7
PUNJAB,PATIALA,7943.109947696212,0.874283024221435,12916.578124613094,0.3083174924313313,0.9,-1454.2848484848485,0,21351.3
PUNJAB,RUPNAGAR,3558.7150266306903,0.8791932307212758,4010.9767686504265,0.3102627730559197,0.9,-65.05454545454545,0,6040.4
PUNJAB,S.A.S NAGAR,0.0,0.0,0.0,0.0,0.2,-7.690909090909091,2,70.5
PUNJAB,S.A.S NAGAR(MOHALI),107.9939929627163,0.7715567531301779,163.6700487490176,0.4078750883365923,0.8,138.1757575757576,0,533.3
PUNJAB,SANGRUR,5142.019492448226,0.881852329655296,7135.823627772332,0.3106707509744288,0.9,102.20606060606056,0,11471.4
PUNJAB,SAS NAGAR (MOHALI),6209.867021996839,0.8737669547178977,8454.736799203616,0.3085124136406508,0.9,-209.35757575757577,0,11886.6
PUNJAB,SHAHEED BHAGAT SINGH NAGAR,2046.9352441577216,0.8764688365465186,2189.675667797783,0.3097512478011833,0.9,81.52727272727273,0,3779.0
PUNJAB,SRI MUKTSAR SAHIB,4693.191660264738,0.8833179302893995,5878.164351404053,0.3113359680887598,0.9,-397.0727272727273,0,7922.9
PUNJAB,TARN TARAN,5059.013963990961,0.8739653025314402,6923.639544935445,0.3086275892925501,0.9,-470.2787878787879,0,11105.6
PUTTENAHALLI,5TH CROSS,0.1,0.05,0.3162277660168379,0.1581138830084189,0.1,0.0545454545454545,2,0.1
RAJA ANNAMALAI PURAM,NEAR DHYANA ASHRAM,0.1,0.05,0.3162277660168379,0.1581138830084189,0.1,0.0545454545454545,2,0.1
RAJASTHAN,AJMER,10297.67959183873,0.8575511688056057,18943.00472826001,0.3038997175533542,0.9,-484.0545454545455,3,27802.9
RAJASTHAN,ALWAR,8408.967071205912,0.84290239506023,26544.52309496568,0.2989614180398594,0.9,-169.2242424242424,3,39157.6
RAJASTHAN,BALOTRA,46.95,0.1972988456360459,135.1613130875679,0.4159759093251738,0.2,26.848484848484848,1,51.0
RAJASTHAN,BANSWARA,10444.040799255135,0.8701906314048692,19412.12726755781,0.3082065324639817,0.9,-752.848484848485,3,20226.8
RAJASTHAN,BARAN,6579.057403228685,0.8603138017471101,15606.816929981012,0.3046447384143922,0.9,-798.6242424242427,3,16528.1
RAJASTHAN,BARMER,15672.516537158666,0.8529126907238366,26117.34830578978,0.3046853498529052,0.9,-1376.357575757576,3,32433.7
RAJASTHAN,BEAWAR,28.95,0.197951366926699,72.68824220983443,0.4173273473457917,0.2,27.56969696969697,1,51.9
RAJASTHAN,BHARATPUR,8195.043782865938,0.8451995312190805,17847.304171759693,0.3028541707635286,0.9,-31.345454545454743,3,26327.2
RAJASTHAN,BHILWARA,7628.850685264461,0.8570780602022069,17469.87200150788,0.3039570208105964,0.9,572.1393939393938,3,22884.1
RAJASTHAN,BIKANER,3951.412784384701,0.842540738343202,12450.09649496879,0.2984845187217499,0.9,-275.7090909090909,0,22580.6
RAJASTHAN,BUNDI,4287.535372517209,0.8574651622406663,9108.964417567726,0.3041228043006941,0.9,-183.9878787878788,0,11643.0
RAJASTHAN,CHITTAURGARH,98.17220937360824,0.8584773819543374,106.06180394469077,0.3064864393084958,0.9,116.54545454545456,0,466.0
RAJASTHAN,CHITTORGARH,5488.290430885097,0.8604518227976271,11353.294992163484,0.3052820744630253,0.9,-436.6545454545455,0,13040.8
RAJASTHAN,CHURU,5523.855688588648,0.8463629234326582,13264.915780530262,0.3011050201642841,0.9,-317.8121212121212,0,22210.1
RAJASTHAN,DAUSA,8257.71127197666,0.8675402417937903,10907.961772098288,0.3078836984241052,0.9,58.26666666666667,3,16273.0
RAJASTHAN,DEEG,13.651041666666666,0.3834199292569284,24.17372444932574,0.4951774257872215,0.4,65.2,1,152.6
RAJASTHAN,DHAULPUR,12.660216245857471,0.4386440066088796,31.573089566166534,0.4649350996860608,0.5,32.406060606060606,1,102.7
RAJASTHAN,DHOLPUR,6184.132798420363,0.8446413675053934,13899.750355755608,0.3012184740938982,0.9,-986.0848484848484,0,16055.2
RAJASTHAN,DIDWANA-KUCHAMAN,31.333333333333336,0.1985854205607476,70.24191003899257,0.4186561971216013,0.2,38.53333333333334,1,73.0
RAJASTHAN,DUNGARPUR,9622.69322347313,0.8664284017782382,21761.0875066281,0.3070693927729788,0.9,-1482.757575757576,3,18843.7
RAJASTHAN,GANGANAGAR,9743.456614764858,0.8715284409578091,12973.946685219613,0.3083340473597341,0.9,-497.38181818181823,3,17725.0
RAJASTHAN,HANUMANGARH,8252.171612718317,0.8715577226674494,13688.06499954718,0.3079969708317029,0.9,-1018.7757575757576,3,17881.0
RAJASTHAN,JAIPUR,15020.257819854787,0.856768083921817,33615.4204855628,0.3036583811108591,0.9,-159.9757575757576,3,66237.0
RAJASTHAN,JAISALMER,3217.8877777907096,0.8615115028278961,4663.5976625178455,0.3063222061958627,0.9,41.5939393939394,0,6921.5
RAJASTHAN,JALOR,8204.732068537141,0.8254545521118969,15439.903469701245,0.3004240358087224,0.9,-494.1030303030304,3,18046.7
RAJASTHAN,JALORE,46.7,0.2964000118491309,105.89937571949032,0.4772688994880566,0.4,49.624242424242425,1,155.0
RAJASTHAN,JHALAWAR,8254.232168996963,0.8607503406375961,17330.700834452575,0.3059500497284745,0.9,-860.2666666666668,3,16824.0
RAJASTHAN,JHUNJHUNU,55.18893783896537,0.8624406735389568,46.32868012277389,0.3063904090412711,0.9,167.22424242424242,0,499.4
RAJASTHAN,JHUNJHUNUN,8541.993253222437,0.8633617960537388,10118.70690186841,0.3073625427975863,0.9,283.3757575757576,3,17265.5
RAJASTHAN,JODHPUR,8491.031716618225,0.8414310816171753,26804.159091681795,0.2982369484294413,0.9,-1627.4424242424243,3,38121.8
RAJASTHAN,KARAULI,4969.111021199014,0.8476924814139968,10641.597257354151,0.3018354138137483,0.9,4.333333333333356,0,14805.3
RAJASTHAN,KHAIRTHAL-TIJARA,107.2,0.1991008639742816,297.67909641834854,0.4197446101836772,0.2,56.95757575757576,1,107.2
RAJASTHAN,KOTA,9087.048939656715,0.8621385286860856,15244.504059666117,0.3069231527306931,0.9,-724.8909090909092,3,19394.5
RAJASTHAN,KOTPUTLI-BEHROR,53.6,0.1984843789616023,144.77814445250743,0.4184495801617614,0.2,28.31515151515152,1,53.6
RAJASTHAN,NAGAUR,8914.68267165858,0.8492898690325748,21488.5621980137,0.3018333220898714,0.9,-573.2727272727271,3,32606.2
RAJASTHAN,PALI,10720.83320760902,0.8634363935382126,15393.508145757123,0.3070129010183673,0.9,-131.29090909090905,3,23136.1
RAJASTHAN,PHALODI,20.6,0.1971642808452624,51.57130985344468,0.4156760952555444,0.2,10.703030303030303,1,20.6
RAJASTHAN,PRATAPGARH,5853.505230754432,0.8688170723089156,8287.00197686648,0.3079416930573838,0.9,-121.25454545454548,0,10863.7
RAJASTHAN,RAJSAMAND,5776.044918300884,0.8668911707478097,8056.719337195667,0.3076826681206983,0.9,16.290909090909103,0,11364.4
RAJASTHAN,SALUMBAR,15.0,0.2911707348161366,27.892651361962702,0.4689830600506987,0.3,10.490909090909092,1,21.5
RAJASTHAN,SAWAI MADHOPUR,4984.616620671403,0.8573866265772235,7994.916542601949,0.3050472433417454,0.9,275.4727272727273,0,13332.1
RAJASTHAN,SIKAR,3946.161694916913,0.8595887466042937,8269.878195675306,0.3055281333998081,0.9,-225.5757575757576,0,25135.0
RAJASTHAN,SIROHI,1996.7724683076465,0.8189148116390843,6286.33821578345,0.2911235370307253,0.9,322.4666666666667,0,12217.5
RAJASTHAN,TONK,5488.840291643403,0.8636510457922556,8932.380872484615,0.3062327060346969,0.9,-36.33939393939396,0,14246.6
RAJASTHAN,UDAIPUR,11907.172371120902,0.8591009185438867,26113.63864557273,0.3054603862195478,0.9,-622.9090909090909,3,32217.6
SIKKIM,EAST,560.2237072798378,0.8754569709742352,811.5114770634282,0.3095085369412922,0.9,1.2606060606060607,0,1176.0
SIKKIM,EAST SIKKIM,363.3381695522421,0.8668689404080412,511.76988328926666,0.3077662030872428,0.9,14.53939393939394,0,794.1
SIKKIM,MANGAN,4.0,0.3613051860420281,5.451809077932042,0.4667341209581636,0.4,2.787878787878788,1,7.0
SIKKIM,NAMCHI,4.345000000000001,0.3613114336643748,6.258525296656464,0.4670648695880113,0.4,11.460606060606064,1,31.1
SIKKIM,NORTH,15.634978354978356,0.5694347736739256,18.71911920701289,0.4905181881982278,0.6,19.454545454545453,1,79.4
SIKKIM,NORTH SIKKIM,49.92404761904762,0.8689555716884712,42.40109892782528,0.306640864056086,0.9,20.727272727272727,0,142.6
SIKKIM,SOUTH,370.8031474407945,0.87645260337641,577.9016436998086,0.3096581607606531,0.9,-34.99393939393939,0,698.6
SIKKIM,SOUTH SIKKIM,138.8670101991258,0.7984715349441809,256.3606063418625,0.3192708032759039,0.9,-20.345454545454547,0,392.1
SIKKIM,WEST,363.3321486549165,0.8680362313224276,474.80158612165445,0.3083461041603323,0.9,-46.51515151515152,0,634.5
SIKKIM,WEST SIKKIM,225.4546902366993,0.815744968615886,474.2207639519826,0.3025505033425837,0.9,-74.34545454545454,0,581.3
TAMIL NADU,ARIYALUR,6142.131365816616,0.8756195969261817,7576.838091676347,0.3094184575004381,0.9,-522.8121212121212,0,10323.6
TAMIL NADU,CHENGALPATTU,518.0157259399359,0.8472141224834819,1098.47582930067,0.3127797098991458,0.9,703.7939393939396,0,2903.4
TAMIL NADU,CHENNAI,14237.409985443242,0.8797212115236294,20947.26997755298,0.3101254806250928,0.9,2660.4303030303035,3,39144.1
TAMIL NADU,COIMBATORE,14476.614056694913,0.8767593072373666,20169.62622261224,0.3097018206762687,0.9,905.2969696969698,3,34644.6
TAMIL NADU,CUDDALORE,9745.06718704276,0.872725034465115,14382.566165149125,0.3090227910245657,0.9,1633.2242424242424,3,25833.0
TAMIL NADU,DHARMAPURI,6879.889551221192,0.8697465238368242,9333.583831916516,0.308435243387195,0.9,760.5272727272728,0,15197.7
TAMIL NADU,DINDIGUL,13517.418777890409,0.8777783182462947,15887.307500634452,0.3100015642090356,0.9,-177.1939393939394,3,24978.3
TAMIL NADU,ERODE,9958.937038508013,0.8790287706305607,12042.816346381276,0.3103307103558743,0.9,1313.8727272727274,3,22192.1
TAMIL NADU,KALLAKURICHI,480.5320875642043,0.8385340285999957,1066.278792836136,0.307035216866087,0.9,202.82424242424244,0,1667.2
TAMIL NADU,KANCHEEPURAM,15571.46350907452,0.8714877824901672,22466.793527718502,0.308490574390299,0.9,1272.909090909091,3,38826.2
TAMIL NADU,KANCHIPURAM,1.2,0.2333333333333333,2.0976176963403037,0.3784308081316978,0.6,-7.357575757575758,1,40.4
TAMIL NADU,KANNIYAKUMARI,5170.121417718055,0.8840361904476881,6672.52981527901,0.3113978869723636,0.9,413.7757575757576,0,11038.5
TAMIL NADU,KANYAKUMARI,2106.2212050124235,0.8731664437916274,2972.642111220065,0.3089658175184829,0.9,421.1939393939394,0,5244.9
TAMIL NADU,KARUR,4127.830075893648,0.8650778551744651,4782.5412548688,0.307749274173382,0.9,407.3818181818182,0,8917.0
TAMIL NADU,KRISHNAGIRI,8670.80207191206,0.8784967142125408,11368.84899485244,0.3101320005721338,0.9,913.569696969697,3,18778.7
TAMIL NADU,MADURAI,11119.777446079435,0.8734622653609373,19871.32984056137,0.3092692305350276,0.9,788.2909090909092,3,32978.8
TAMIL NADU,MAYILADUTHURAI,224.5765583610745,0.8582477026703307,437.6419959177013,0.3069046634658803,0.9,158.369696969697,0,841.3
TAMIL NADU,NAGAPATTINAM,4941.821844974257,0.875909127667182,5491.485809771851,0.3097233767440704,0.9,1291.7757575757578,0,12275.3
TAMIL NADU,NAMAKKAL,7991.979970215015,0.8765319216940608,8965.33251444181,0.3100306271793929,0.9,982.0909090909092,3,17167.9
TAMIL NADU,NAMAKKAL   *,0.0,0.0,0.0,0.0,0.1,0.0181818181818181,2,0.1
TAMIL NADU,PERAMBALUR,3722.0400835742657,0.8758118531979454,4165.646518931913,0.3096033096472597,0.9,300.42424242424244,0,7482.8
TAMIL NADU,PUDUKKOTTAI,7231.393025131138,0.8695195587054508,10221.388741075254,0.3083529670578436,0.9,1141.2727272727273,3,18940.8
TAMIL NADU,RAMANATHAPURAM,5853.984221360874,0.8759041808720218,8271.075629771594,0.3093101794346288,0.9,428.4424242424242,0,14271.5
TAMIL NADU,RANIPET,31.045367185367184,0.7627701639776534,40.414028885048864,0.4030637456109658,0.8,66.5939393939394,0,213.8
TAMIL NADU,SALEM,15220.99654801036,0.8739851031775977,22971.77363024682,0.3087626249122127,0.9,683.1757575757578,3,35726.4
TAMIL NADU,SIVAGANGA,5040.8289120140325,0.8734662164767444,7014.907070436286,0.308926084851604,0.9,913.0666666666668,0,13393.2
TAMIL NADU,TENKASI,569.233024901498,0.8645072800568719,1112.538578435204,0.3075378132470954,0.9,378.6484848484849,0,2149.1
TAMIL NADU,THANJAVUR,10447.726473976769,0.875172267150328,15742.479463506426,0.3094272292736631,0.9,716.2787878787879,3,25377.4
TAMIL NADU,THE NILGIRIS,2835.840170650298,0.8754955019846046,3271.342240132504,0.3096273574200149,0.9,419.1939393939394,0,6109.1
TAMIL NADU,THENI,6409.607559333888,0.876401648534765,7578.3144088925455,0.309754825758574,0.9,331.6181818181819,0,12897.1
TAMIL NADU,THIRUVALLUR,99.37399044721955,0.798675590529301,147.69621397330928,0.3518176477168564,0.9,109.52121212121212,0,532.5
TAMIL NADU,THIRUVARUR,4412.962203163928,0.8740457462353394,5698.432731845663,0.3093660091210732,0.9,1251.4666666666667,0,11474.4
TAMIL NADU,THOOTHUKKUDI,8913.028259315415,0.8760845072718935,11493.688739497073,0.3097097191971618,0.9,787.5818181818182,3,18987.5
TAMIL NADU,TIRUCHIRAPPALLI,13639.939698821983,0.8699496284493895,15736.731996488154,0.3088124792762429,0.9,855.8848484848485,3,27718.3
TAMIL NADU,TIRUNELVELI,13939.791499917535,0.8750419703968323,17982.066239155927,0.3094201127248961,0.9,1348.1818181818182,3,30433.8
TAMIL NADU,TIRUPATHUR,13.04,0.376852650063857,20.703579937349534,0.4880020137146895,0.4,6.0606060606060606,1,15.6
TAMIL NADU,TIRUPATTUR,826.9677760206521,0.865278482079763,1255.4952514978784,0.3078817759199842,0.9,252.1030303030303,0,2251.1
TAMIL NADU,TIRUPPUR,11686.687022049076,0.8782765646810526,13229.119855483656,0.310135866539323,0.9,896.3030303030303,3,24091.0
TAMIL NADU,TIRUVALLUR,19810.065794032937,0.8755217852086561,23722.840177966136,0.3094327791666022,0.9,992.1090909090908,3,39763.6
TAMIL NADU,TIRUVANNAMALAI,10660.948277841107,0.8715956703958738,13813.67623629002,0.3089394136295267,0.9,184.4666666666667,3,21393.9
TAMIL NADU,TIRUVARUR,0.5,0.1416666666666666,1.0801234497346437,0.2993047499344662,0.3,0.2666666666666666,1,0.6
TAMIL NADU,TUTICORIN,0.7,0.1966666666666666,1.3374935098492586,0.3244939079494348,0.3,0.4848484848484848,1,1.2
TAMIL NADU,VELLORE,10853.758784518242,0.8731261368253248,15668.818052171604,0.3085170194863442,0.9,1871.8303030303032,3,29083.6
TAMIL NADU,VILLUPURAM,7451.256855546344,0.8692189415841838,9154.29573691747,0.3086328376959353,0.9,1004.5636363636364,3,16760.1
TAMIL NADU,VILUPPURAM,4861.888848126891,0.8728910636612295,5475.317497531207,0.3091254382259311,0.9,1345.2000000000005,0,12637.6
TAMIL NADU,VIRUDHUNAGAR,8288.34385832731,0.8765424766534681,9353.480933521058,0.3099415405181659,0.9,1301.036363636364,3,18414.3
TAMILNADU,CHENNAI,0.1,0.05,0.3162277660168379,0.1581138830084189,0.1,0.0545454545454545,2,0.1
TELANGANA,ADILABAD,5641.4677240748615,0.8832935778234864,6471.5975382107135,0.3112878711141327,0.9,883.4060606060607,0,12928.0
TELANGANA,BHADRADRI KOTHAGUDEM,1490.8989798196558,0.8556143354556834,3172.42914540703,0.3063338699085162,0.9,741.5454545454546,0,5854.3
TELANGANA,HANUMAKONDA,880.6892404005599,0.8794850453780123,1372.739468397723,0.3100859504295,0.9,368.9090909090909,0,2902.2
TELANGANA,HYDERABAD,5635.117311703004,0.8524698001928879,17728.77359495049,0.3021668038802984,0.9,1993.3696969696969,3,47098.8
TELANGANA,JAGITIAL,886.8174187257655,0.8667356100716145,1273.9252296636482,0.3077863204544881,0.9,416.2242424242425,0,2863.9
TELANGANA,JANGAON,11.253982966924143,0.4683077762742383,18.01738899736176,0.4941675736997536,0.5,35.35151515151516,1,116.3
TELANGANA,JANGOAN,597.4535379071285,0.8784500692016837,908.3479319963636,0.3098725481600501,0.9,488.8545454545455,0,2520.1
TELANGANA,JAYASHANKAR BHUPALPALLY,748.6911865753033,0.875635899752891,1683.7725966637151,0.3091512099984052,0.9,164.87272727272727,0,2167.6
TELANGANA,JOGULAMBA GADWAL,2222.013880406017,0.8695441789411582,2870.16884811331,0.3084089512217099,0.9,199.78181818181815,0,4675.0
TELANGANA,K.V. RANGAREDDY,18476.707519361396,0.8713170604644528,26382.91704069676,0.3083464865985094,0.9,2705.1030303030307,3,46332.0
TELANGANA,KAMAREDDY,1371.2574657237092,0.8702801624070092,1744.5351788341136,0.3086091521332096,0.9,660.230303030303,0,4169.4
TELANGANA,KARIMNAGAR,9943.84548452439,0.8804349133995709,12036.9403797968,0.3105158056277172,0.9,1070.2242424242424,3,21967.9
TELANGANA,KHAMMAM,4485.794766442905,0.8793217884705957,5800.612639548212,0.3103572248422061,0.9,1220.5454545454545,0,11986.6
TELANGANA,KOMARAM BHEEM,1121.9124843607915,0.8833924846864425,1843.6734145851767,0.3112066756319357,0.9,554.3575757575758,0,3824.1
TELANGANA,MAHABUBABAD,1034.239538047936,0.875347066129946,1702.5438046650595,0.3093325509184542,0.9,514.1151515151515,0,3509.3
TELANGANA,MAHABUBNAGAR,14391.906644514072,0.8742817665103697,16780.881465739436,0.309335000484906,0.9,1258.3818181818183,3,30164.3
TELANGANA,MANCHERIAL,983.3568088604944,0.8846411097236588,1574.4387761283704,0.311532430234352,0.9,791.8181818181819,0,4062.6
TELANGANA,MEDAK,7288.412227121243,0.8743084943641175,8358.161097489758,0.3092240806805394,0.9,1864.2242424242424,3,18917.9
TELANGANA,MEDCHAL MALKAJGIRI,0.0,0.0,0.0,0.0,0.2,-7.878787878787879,2,70.4
TELANGANA,MEDCHAL-MALKAJGIRI,4748.636604747726,0.8721690146737258,7702.527076962644,0.3079720746982371,0.9,1045.2848484848485,0,11945.2
TELANGANA,MEDCHAL?MALKAJGIRI,120.35,0.3599162479061976,376.8943301657788,0.4134521549710807,0.5,-64.53333333333335,1,120.8
TELANGANA,MEDCHALÂMALKAJGIRI,0.1,0.05,0.3162277660168379,0.1581138830084189,0.1,0.0545454545454545,2,0.1
TELANGANA,MEDCHAL−MALKAJGIRI,5.430075184650221,0.3664851525179116,8.534944403278407,0.4736116317376603,0.4,262.4787878787879,1,682.5
TELANGANA,MULUGU,592.6821253693581,0.8677080772345149,994.2973212340404,0.3078663991789383,0.9,215.4666666666667,0,1802.2
TELANGANA,NAGARKURNOOL,1057.6404784482709,0.8773032545090196,1793.1173879387725,0.3096673539197745,0.9,393.2303030303031,0,3398.5
TELANGANA,NALGONDA,9838.896842973958,0.878340290786717,11503.721325484114,0.3101171023536422,0.9,1407.3515151515153,3,22209.1
TELANGANA,NARAYANPET,582.6632440473938,0.8717135991305813,923.164191721883,0.3083610659390075,0.9,426.7818181818182,0,2432.9
TELANGANA,NIRMAL,1082.7687246686908,0.8846977210573016,1365.287987341064,0.3115592461002781,0.9,1044.1515151515152,0,4857.1
TELANGANA,NIZAMABAD,8535.638061631013,0.8740181737158116,10136.037760869136,0.3094174368132331,0.9,1135.418181818182,3,19074.8
TELANGANA,PEDDAPALLI,436.0529667283146,0.8804739717724365,568.2610914637444,0.3103385993292277,0.9,312.5939393939394,0,1694.2
TELANGANA,RAJANNA SIRCILLA,598.2128685137375,0.8741133407873825,903.7516477211276,0.3088942471520882,0.9,290.53333333333336,0,2013.8
TELANGANA,RANGA REDDY,0.0,0.0,0.0,0.0,0.1,-1.721212121212121,2,28.4
TELANGANA,RANGAREDDY,335.66202664876647,0.8758488477722342,541.2110459943455,0.3090492361428107,0.9,66.55757575757576,0,864.8
TELANGANA,SANGAREDDY,2515.731320553906,0.8699182105098998,3387.26565632804,0.3083632336725005,0.9,604.9090909090909,0,6207.0
TELANGANA,SIDDIPET,1165.5179861400757,0.8823118222251061,1611.010317524485,0.3108420233751894,0.9,1110.6545454545455,0,5404.6
TELANGANA,SURYAPET,1977.795119606631,0.8830956194441267,2647.811298054488,0.3111424719398331,0.9,1060.5575757575757,0,6792.4
TELANGANA,VIKARABAD,2049.580749388741,0.8822036372621189,2575.646905411302,0.3107998122353793,0.9,1366.0424242424242,0,7736.5
TELANGANA,WANAPARTHY,1218.535539822806,0.8731225700049524,2325.404978854559,0.3086530703592772,0.9,353.54545454545456,0,3682.1
TELANGANA,WARANGAL,5695.334127755568,0.8822471322831037,6247.182569369162,0.3109638623562429,0.9,682.0666666666667,0,12366.3
TELANGANA,WARANGAL (URBAN),6.183333333333334,0.370946585530764,9.595668390052454,0.4791857489827539,0.4,4.648484848484849,1,13.9
TELANGANA,WARANGAL RURAL,600.1177437648664,0.8842342187077863,943.3956726406802,0.3112665881257347,0.9,471.4,0,2560.1
TELANGANA,WARANGAL URBAN,1290.8349484186224,0.8752920013145508,1780.715261570207,0.3094683127846596,0.9,29.10303030303032,0,2482.4
TELANGANA,YADADRI.,2123.6953342154693,0.8808774254928344,4066.122596385868,0.3104619880756141,0.9,311.0666666666667,0,5413.2
THE DADRA AND NAGAR HAVELI AND DAMAN AND DIU,DADRA AND NAGAR HAVELI,0.0,0.0,0.0,0.0,0.2,-7.357575757575758,2,71.6
TRIPURA,DHALAI,2536.3297970338417,0.8714815215110608,3808.4284197763504,0.308081309112829,0.9,-237.75151515151515,0,5181.3
TRIPURA,DHALAI  *,52.92083333333333,0.8697869359440876,42.518307830528784,0.307809260442701,0.9,10.490909090909092,0,107.1
TRIPURA,GOMATI,1233.9216840405604,0.8681319454365471,2222.591449479669,0.3072529825907114,0.9,-91.01818181818184,0,2514.2
TRIPURA,KHOWAI,734.7225490435491,0.8715150071052016,955.8768160852206,0.308587126307674,0.9,-39.11515151515152,0,1301.6
TRIPURA,NORTH TRIPURA,2967.5066882850133,0.8772768566681929,4510.327279222978,0.3092926036400145,0.9,-168.30909090909094,0,6391.7
TRIPURA,SEPAHIJALA,1636.6780924795337,0.8508229957110774,2611.8753113727707,0.3038911415142276,0.9,34.78787878787878,0,3667.8
TRIPURA,SOUTH TRIPURA,4846.650522740125,0.8782169167829348,7018.5822925814255,0.3099548455374643,0.9,-259.71515151515155,0,9039.3
TRIPURA,UNAKOTI,876.5069944663364,0.8608898268885898,1474.1092504512765,0.3068067806679172,0.9,-196.53939393939396,0,2001.5
TRIPURA,WEST TRIPURA,6256.246344270298,0.8810609582580275,10277.157763379835,0.3103310317126096,0.9,-510.3151515151517,0,13940.8
UTTAR PRADESH,AGRA,17.220889124306048,0.8328372630042373,18.14552686127477,0.2951300470637287,0.9,2289.6909090909094,0,44091.1
UTTAR PRADESH,ALIGARH,22.53710793330689,0.8341932119895649,32.20056883566894,0.2956931674135004,0.9,-45.660606060606106,0,41215.4
UTTAR PRADESH,ALLAHABAD,21657.28229602756,0.8774158914387963,25965.59953011941,0.3098236855581646,0.9,1387.9393939393942,3,45845.4
UTTAR PRADESH,AMBEDKAR NAGAR,5915.242361693934,0.8655523544492155,9658.582276410803,0.3069210339304571,0.9,1283.9151515151516,0,17097.8
UTTAR PRADESH,AMETHI,7744.116423840232,0.8697930239458886,10393.32426237325,0.3083753037485627,0.9,884.5454545454545,3,17674.8
UTTAR PRADESH,AMROHA,6514.371490242746,0.8606530383066655,10865.034440894373,0.304369816297598,0.9,1063.357575757576,3,19111.6
UTTAR PRADESH,AURAIYA,5732.661862242536,0.875060388139608,7882.263317216539,0.309271889225957,0.9,239.3757575757576,0,11871.3
UTTAR PRADESH,AURAIYA *,0.1,0.05,0.3162277660168379,0.1581138830084189,0.1,0.0424242424242424,2,0.1
UTTAR PRADESH,AYODHYA,744.52232294696,0.8226983991568675,1739.6865358404978,0.3050582518590506,0.9,169.35151515151517,0,2436.1
UTTAR PRADESH,AZAMGARH,8317.499756486959,0.8492891321169399,20826.83933887029,0.3017176173236299,0.9,2000.242424242424,3,35376.0
UTTAR PRADESH,BAGHPAT,2712.1133467994846,0.8509785314461407,6770.284341886393,0.3017977241191886,0.9,394.50909090909096,0,11977.6
UTTAR PRADESH,BAGHPAT *,0.3,0.1166666666666666,0.6749485577105528,0.249072353016221,0.2,0.0787878787878788,2,0.3
UTTAR PRADESH,BAGPAT,1.65,0.3038888888888889,2.6671874491473018,0.398488657149163,0.4,0.7696969696969697,1,1.9
UTTAR PRADESH,BAHRAICH,22.675430064516743,0.7699906470282709,47.3564225243359,0.2890798673866622,0.9,1950.1636363636364,0,35011.3
UTTAR PRADESH,BALLIA,10547.279748852254,0.8715343782784878,13461.07520513316,0.308460743310529,0.9,1498.1757575757576,3,24792.9
UTTAR PRADESH,BALRAMPUR,4460.573604274052,0.8353200592267305,11269.946877056904,0.2974725790520422,0.9,1381.612121212121,0,19251.2
UTTAR PRADESH,BANDA,58.61850301357215,0.8317899048571753,148.73887197118853,0.2952556674834538,0.9,769.2060606060606,0,17251.7
UTTAR PRADESH,BARA BANKI,11572.59076282404,0.8739397585432682,16942.355257242165,0.3087787925322574,0.9,875.8363636363637,3,28429.5
UTTAR PRADESH,BARABANKI,132.53579054319525,0.790757902684384,159.61725865768622,0.3586007381509324,0.9,245.83636363636364,0,1155.9
UTTAR PRADESH,BAREILLY,7413.365861115711,0.8454098152762584,23399.67324816599,0.298483743095849,0.9,1542.660606060606,3,50436.1
UTTAR PRADESH,BASTI,7240.399812596761,0.8622561818617109,11579.970838251287,0.30652557958652,0.9,1223.8060606060608,3,20413.0
UTTAR PRADESH,BHADOHI,1016.2365644881436,0.8717321876548711,2138.2628820237715,0.3087613166985371,0.9,-121.70909090909092,0,1886.6
UTTAR PRADESH,BIJNOR,18797.390464817705,0.8664265862850347,25311.405269104427,0.3070038127283056,0.9,2118.121212121212,3,46075.8
UTTAR PRADESH,BUDAUN,6929.644207280253,0.8434485222213137,21864.466365465585,0.2994952923931927,0.9,796.8727272727274,3,29718.6
UTTAR PRADESH,BULANDSHAHAR,2.6215670992834905,0.3242492095934816,5.009410517608937,0.4219810526236383,0.4,41.03030303030303,1,106.8
UTTAR PRADESH,BULANDSHAHR,3117.170953977502,0.8586899648759413,9475.60786754694,0.3041987808990225,0.9,306.06060606060606,0,37247.4
UTTAR PRADESH,CHANDAULI,4076.48702053758,0.8518530183722153,12839.73346112886,0.3006623299897482,0.9,507.24242424242425,0,19371.3
UTTAR PRADESH,CHANDAULI *,0.2,0.0666666666666666,0.6324555320336759,0.2108185106778919,0.1,0.1090909090909091,2,0.2
UTTAR PRADESH,CHITRAKOOT,5234.821690185103,0.8624777992598791,7223.322825218986,0.3069609519691973,0.9,268.369696969697,0,11267.9
UTTAR PRADESH,CHITRAKOOT *,0.1,0.05,0.3162277660168379,0.1581138830084189,0.1,0.0545454545454545,2,0.1
UTTAR PRADESH,DEORIA,7171.021604812244,0.8674224031612139,13812.34273650082,0.3064866370263454,0.9,1538.6727272727271,3,25812.1
UTTAR PRADESH,ETAH,3158.605339975922,0.833680021691768,7518.123518859989,0.3011629859799395,0.9,342.8484848484849,0,16058.4
UTTAR PRADESH,ETAWAH,4202.3329398719,0.8583191286236935,7556.196375045789,0.3039384661622713,0.9,379.9090909090909,0,14832.9
UTTAR PRADESH,FAIZABAD,7461.317275508702,0.8708909710970449,9648.323769275066,0.3085375598621153,0.9,949.8484848484848,3,17182.1
UTTAR PRADESH,FARRUKHABAD,5269.813466941921,0.8712555331266506,8018.472671464132,0.3079450459875942,0.9,1438.739393939394,0,15320.4
UTTAR PRADESH,FATEHPUR,4908.123498273122,0.8492039093868756,15465.607930919528,0.3003109520247148,0.9,726.4424242424243,3,23736.7
UTTAR PRADESH,FIROZABAD,4364.288879993267,0.8512828130485944,9541.770842904198,0.3044775770899738,0.9,1117.3333333333333,0,26526.8
UTTAR PRADESH,GAUTAM BUDDHA NAGAR,13.805035517392174,0.823410668553521,11.719250937674396,0.2924267269572465,0.9,-770.8787878787879,0,26238.7
UTTAR PRADESH,GAUTAM BUDDHA NAGAR *,0.2,0.0666666666666666,0.6324555320336759,0.2108185106778919,0.1,0.0606060606060606,2,0.2
UTTAR PRADESH,GHAZIABAD,5257.997462180093,0.8480419885529198,16550.337453118216,0.3006227985987303,0.9,-1297.0121212121212,0,45485.3
UTTAR PRADESH,GHAZIPUR,13193.82097366089,0.8703355768711356,18747.452695418546,0.3083832742252304,0.9,509.7939393939394,3,28482.0
UTTAR PRADESH,GONDA,9107.547859218816,0.8539408211156978,20300.00949380606,0.3033950526881793,0.9,616.7151515151515,3,29325.8
UTTAR PRADESH,GORAKHPUR,128.91775583219632,0.8460762911575648,359.5789089555783,0.299195621954478,0.9,1541.2000000000005,0,35699.8
UTTAR PRADESH,HAMIRPUR,4419.721066506896,0.8746787026883382,6146.876185012115,0.309132233351756,0.9,603.1272727272727,0,10059.2
UTTAR PRADESH,HAPUR,2761.934449811522,0.8385577399553835,5004.992583190147,0.3013936590534757,0.9,484.91515151515154,0,10829.9
UTTAR PRADESH,HARDOI,12307.761669824333,0.832360629577594,22655.149009564466,0.3020311242545349,0.9,966.10303030303,3,37424.1
UTTAR PRADESH,HATHRAS,5172.362699729057,0.8577669909982237,9440.346726780972,0.3034661222760594,0.9,369.4121212121213,0,14755.5
UTTAR PRADESH,JALAUN,4755.48797269559,0.8635807743207158,9058.89458384646,0.3052283837863712,0.9,494.2666666666667,0,14091.2
UTTAR PRADESH,JAUNPUR,3327.752975825924,0.8626421129280043,6987.312592519581,0.3048744962014513,0.9,2027.3696969696969,0,35467.4
UTTAR PRADESH,JHANSI,6923.070209934868,0.870768992705092,10897.167368980065,0.3081627132601707,0.9,951.5636363636364,3,19100.6
UTTAR PRADESH,JYOTIBA PHULE NAGAR,3.809831154684096,0.3517516299368091,6.135370680146706,0.4553901432716012,0.4,35.406060606060606,1,86.6
UTTAR PRADESH,JYOTIBA PHULE NAGAR *,0.1,0.05,0.3162277660168379,0.1581138830084189,0.1,0.0424242424242424,2,0.1
UTTAR PRADESH,KANNAUJ,4859.812382847267,0.8604909861220917,7710.253207851992,0.3054247725315073,0.9,819.8060606060607,0,13797.8
UTTAR PRADESH,KANPUR DEHAT,5025.226575891189,0.8521256863309941,10800.857385190397,0.3026067259561251,0.9,105.53939393939392,0,15573.2
UTTAR PRADESH,KANPUR NAGAR,37.4546742790206,0.8376692103043224,80.23750778641953,0.2961956118356458,0.9,1712.0666666666668,0,37627.1
UTTAR PRADESH,KASGANJ,4205.995047899969,0.8578265185660667,6072.482265966612,0.3065025848447837,0.9,1175.0121212121212,0,13056.7
UTTAR PRADESH,KAUSHAMBI,5604.6142135771415,0.8641344638203797,11116.09826007237,0.3057011109404746,0.9,68.32727272727273,0,18207.0
UTTAR PRADESH,KHERI,9142.058879693366,0.8337862111710989,28872.278012022514,0.2955536080801854,0.9,1420.345454545455,3,39773.9
UTTAR PRADESH,KUSHI NAGAR,0.0,0.0,0.0,0.0,0.1,-9.515151515151516,2,157.0
UTTAR PRADESH,KUSHINAGAR,14317.104439423068,0.8719707639481253,24636.189376882998,0.3081262521345857,0.9,897.1030303030301,3,32569.2
UTTAR PRADESH,KUSHINAGAR *,10.566666666666666,0.4755798027109502,12.003137449932634,0.5014110245813551,0.5,7.133333333333334,1,22.5
UTTAR PRADESH,LALITPUR,5463.606995256847,0.8683683891295553,8162.992394457217,0.3070343610806247,0.9,390.0181818181818,0,12707.5
UTTAR PRADESH,LUCKNOW,66.54717287132276,0.8467343260428946,134.49355303550934,0.3007310524046742,0.9,2402.2545454545457,0,45238.0
UTTAR PRADESH,MAHARAJGANJ,25.79440224980123,0.8152449415070422,51.00998758056637,0.2915082378384724,0.9,1019.8424242424244,0,22987.0
UTTAR PRADESH,MAHOBA,3353.22203515702,0.8738915166070631,4266.767772293262,0.3090168558209473,0.9,669.5939393939394,0,8166.3
UTTAR PRADESH,MAHOBA *,0.1,0.05,0.3162277660168379,0.1581138830084189,0.1,0.0181818181818181,2,0.1
UTTAR PRADESH,MAHRAJGANJ,2.064285714285714,0.2851785714285714,4.642118378342882,0.3807494137299249,0.4,3.4545454545454546,1,8.8
UTTAR PRADESH,MAINPURI,3843.3666064484087,0.8250664850605371,9402.51764277785,0.2947462637375614,0.9,850.4242424242424,0,15495.8
UTTAR PRADESH,MATHURA,2916.251904901472,0.8557307646108123,6015.803163939059,0.3038719164903054,0.9,537.0181818181819,0,24045.2
UTTAR PRADESH,MAU,7240.574565197654,0.8709563948718545,10721.334329565936,0.3087613308188763,0.9,1421.3818181818183,3,18314.0
UTTAR PRADESH,MEERUT,6679.834256339511,0.8350225255705798,21069.97203791276,0.2965582039872635,0.9,985.2848484848486,3,36489.8
UTTAR PRADESH,MIRZAPUR,9253.472395593551,0.87206381537121,11537.654287268428,0.3087367059703479,0.9,845.678787878788,3,20311.3
UTTAR PRADESH,MORADABAD,4710.030082104066,0.8391491587924781,14854.615121617167,0.2966479272756472,0.9,1025.2121212121212,3,34552.4
UTTAR PRADESH,MUZAFFARNAGAR,9303.951096338616,0.8659901558796645,16886.738963502914,0.3060875771380237,0.9,1003.1454545454546,3,31743.3
UTTAR PRADESH,PILIBHIT,5036.769972882402,0.8483167072040698,15875.77242658766,0.300143823836994,0.9,-765.4060606060608,0,28552.8
UTTAR PRADESH,PRATAPGARH,11115.99063042644,0.8684095805525001,15157.342756439895,0.3081108610973342,0.9,825.7454545454547,3,24699.8
UTTAR PRADESH,PRAYAGRAJ,1588.7033222961154,0.8496251762031861,3358.222473616949,0.3037710151481754,0.9,240.26060606060608,0,5211.5
UTTAR PRADESH,RAE BARELI,10864.663792204628,0.8705057797640476,15604.893485081291,0.3083397760892897,0.9,969.8666666666668,3,24672.0
UTTAR PRADESH,RAEBARELI,1.45,0.3097619047619048,1.978355096763189,0.401057511761075,0.4,1.0424242424242425,1,2.6
UTTAR PRADESH,RAMPUR,3986.9492794111943,0.8357456853247582,12566.91196177802,0.2966264426904886,0.9,424.9333333333334,0,30057.0
UTTAR PRADESH,SAHARANPUR,3593.542007692164,0.8519950733219549,11255.572694817214,0.3009632856669934,0.9,962.1333333333332,0,37769.6
UTTAR PRADESH,SAMBHAL,7621.474910647955,0.8676811039938572,13254.611945901148,0.3070006276019214,0.9,1232.1636363636364,3,21161.3
UTTAR PRADESH,SANT KABIR NAGAR,8003.415507927692,0.8720256387105152,12362.93494612984,0.3087347760240064,0.9,510.5393939393939,3,17591.5
UTTAR PRADESH,SANT RAVIDAS NAGAR,5046.823172987517,0.8742781695728443,6521.179370563849,0.3090713626411974,0.9,772.8727272727274,0,12165.6
UTTAR PRADESH,SANT RAVIDAS NAGAR BHADOHI,2.198390692640692,0.3225656491124117,3.443228036159553,0.4207863634188541,0.4,18.272727272727277,1,49.1
UTTAR PRADESH,SHAHJAHANPUR,4772.016076167662,0.8267508893006879,15052.438623922024,0.2952072614930414,0.9,1307.4727272727275,3,32825.1
UTTAR PRADESH,SHAMLI,7060.456377107716,0.8620325481186539,9990.406732619009,0.3064051858822535,0.9,605.2969696969698,0,18694.8
UTTAR PRADESH,SHRAVASTI,0.0,0.0,0.0,0.0,0.2,-26.745454545454542,2,253.5
UTTAR PRADESH,SHRAWASTI,4456.985212383999,0.8571110900269014,9940.614061060662,0.3038509837020454,0.9,89.19999999999999,0,12440.2
UTTAR PRADESH,SIDDHARTH NAGAR,0.0,0.0,0.0,0.0,0.2,-31.07272727272728,2,434.1
UTTAR PRADESH,SIDDHARTHNAGAR,5929.052025756912,0.8368547681868547,11555.164476166476,0.2996762503881841,0.9,1942.5939393939395,3,21493.6
UTTAR PRADESH,SITAPUR,9219.831780142318,0.8326207102207073,29117.609963636394,0.2963449736232626,0.9,-303.3757575757575,3,46448.7
UTTAR PRADESH,SONBHADRA,9139.551852370783,0.8775374376809447,13268.529766529022,0.3098410488441646,0.9,-191.90303030303028,3,18086.6
UTTAR PRADESH,SULTANPUR,3040.6686447333764,0.8466911013203606,9569.171984483912,0.2992665601523681,0.9,1767.1030303030304,0,19252.0
UTTAR PRADESH,UNNAO,35.796870986554794,0.8320932685253318,79.2003036880017,0.2942152312580917,0.9,949.6424242424242,0,29008.1
UTTAR PRADESH,VARANASI,6314.172802133735,0.8355541020052843,19924.047444320884,0.2980625693817337,0.9,2201.2181818181816,3,36524.3
UTTARAKHAND,ALMORA,2028.153458466099,0.876621657088003,2453.7049085834083,0.3097650593219136,0.9,510.70909090909095,0,4956.1
UTTARAKHAND,BAGESHWAR,1516.08109570611,0.8736898240411126,1725.6476319647331,0.3093726517409026,0.9,58.442424242424245,0,2916.5
UTTARAKHAND,CHAMOLI,2022.7985860519068,0.8745035089162492,2602.599099204313,0.3093380219932525,0.9,144.1212121212121,0,4128.2
UTTARAKHAND,CHAMPAWAT,1635.3208534152022,0.8784007866183128,1951.8463241042557,0.3103688224978025,0.9,235.4606060606061,0,3658.5
UTTARAKHAND,DEHRADUN,35.75231698711947,0.859975935440831,45.39556459803343,0.303282573780279,0.9,1105.230303030303,0,22138.7
UTTARAKHAND,GARHWAL,8.846,0.3633459344677191,18.276221467007648,0.4710170817810561,0.4,31.345454545454547,1,79.6
UTTARAKHAND,HARDWAR,7.787742248062015,0.3670567962844221,15.5425727549232,0.4746793416803717,0.4,90.569696969697,1,222.8
UTTARAKHAND,HARIDWAR,3572.888870953511,0.872277026284795,5666.028183093767,0.308296096452499,0.9,3289.9333333333334,0,20949.1
UTTARAKHAND,NAINITAL,3120.0407962783256,0.8685825672320758,5504.385240023865,0.3075132145447685,0.9,904.2060606060606,0,12241.2
UTTARAKHAND,PAURI GARHWAL,2559.3110906800644,0.8789828031377169,2922.831489507087,0.3103212089326472,0.9,903.2909090909092,0,6674.5
UTTARAKHAND,PITHORAGARH,2010.8806359876896,0.8764677873415883,2419.6951173969464,0.309824964672248,0.9,393.8484848484849,0,4610.5
UTTARAKHAND,RUDRAPRAYAG,1512.833081362404,0.8717629316758876,1830.0937463801995,0.309248290452248,0.9,219.04242424242423,0,3296.8
UTTARAKHAND,TEHRI GARHWAL,3408.616139540371,0.8747308671812153,4025.003598545791,0.3093134080967683,0.9,957.5515151515152,0,8592.8
UTTARAKHAND,UDHAM SINGH NAGAR,14386.09071991198,0.8766606279998861,15547.74407685671,0.3100810829048693,0.9,1602.957575757576,3,28582.4
UTTARAKHAND,UTTARKASHI,1538.8639245683917,0.8723338598773157,1812.035691934249,0.3088377770772313,0.9,320.7454545454545,0,3562.1
UTTARANCHAL,ALMORA,0.1,0.05,0.3162277660168379,0.1581138830084189,0.1,0.0181818181818181,2,0.1
UTTARANCHAL,GARHWAL,0.1,0.05,0.3162277660168379,0.1581138830084189,0.1,0.0545454545454545,2,0.1
UTTARANCHAL,TEHRI GARHWAL,0.2,0.0666666666666666,0.6324555320336759,0.2108185106778919,0.1,0.1090909090909091,2,0.2
UTTARANCHAL,UDHAM SINGH NAGAR *,0.3,0.075,0.948683298050514,0.2371708245126284,0.1,0.1636363636363636,2,0.3
WEST  BENGAL,HOOGHLY,5.571794871794872,0.3589525020063576,9.1395624630623,0.4660301878630052,0.4,4.981818181818182,1,15.0
WEST BANGAL,HOOGHLY,5.4,0.3681449657513487,7.915526233647107,0.4756787033358561,0.4,5.193939393939394,1,13.3
WEST BANGAL,HOWRAH,5.225,0.3548319327731092,9.159428960851702,0.4602386247058053,0.4,2.7151515151515158,1,7.4
WEST BANGAL,SOUTH 24 PARGANAS,1.4,0.2375,2.5473297566057065,0.3859262147222919,0.3,0.6060606060606061,1,1.4
WEST BENGAL,24 PARAGANAS NORTH,0.0,0.0,0.0,0.0,0.2,-49.98181818181818,2,614.7
WEST BENGAL,24 PARAGANAS SOUTH,0.0,0.0,0.0,0.0,0.1,-2.9696969696969697,2,49.0
WEST BENGAL,ALIPURDUAR,320.1255984020012,0.7377889313528228,992.9205576273883,0.3105156544350796,0.9,155.78181818181818,0,2213.2
WEST BENGAL,BALLY JAGACHHA,0.6,0.2333333333333333,0.8432740427115678,0.3063121944908938,0.4,0.2181818181818182,1,0.6
WEST BENGAL,BANKURA,8652.675799510022,0.8747479534859108,10988.966949154956,0.3090321084070014,0.9,3550.3454545454547,3,26523.1
WEST BENGAL,BARDDHAMAN,12934.35004696844,0.8728312277087067,14903.24561537479,0.3088170506360185,0.9,4589.545454545455,3,36736.3
WEST BENGAL,BARDHAMAN,619.2989196543483,0.8772951830702006,722.4234876456392,0.3097296381310203,0.9,1073.1757575757576,0,3920.0
WEST BENGAL,BIRBHUM,4727.062846128399,0.8603756658008643,11570.636614959738,0.3046416944926105,0.9,2956.09696969697,3,27706.6
WEST BENGAL,BURDWAN,0.4333333333333333,0.105,1.257569672615192,0.2565259354442656,0.2,0.1636363636363636,2,0.7
WEST BENGAL,COOCH BEHAR,3916.77717923932,0.843055425070317,7078.146575136483,0.3035519093897809,0.9,2412.866666666667,0,17875.1
WEST BENGAL,COOCHBEHAR,0.0,0.0,0.0,0.0,0.3,-30.424242424242426,2,441.0
WEST BENGAL,DAKSHIN DINAJPUR,4210.498207421178,0.867513082486093,6162.908674887,0.3071485748332881,0.9,1378.9757575757576,0,13546.3
WEST BENGAL,DARJEELING,1549.318696445606,0.8149386465185622,4868.395489070695,0.2916401226816731,0.9,1106.5696969696971,0,10105.8
WEST BENGAL,DARJILING,150.2414224515668,0.8653331842271218,149.9895728541845,0.3080416762324495,0.9,348.8424242424243,0,1158.3
WEST BENGAL,DINAJPUR DAKSHIN,0.0,0.0,0.0,0.0,0.1,-6.042424242424242,2,99.7
WEST BENGAL,DINAJPUR UTTAR,0.0,0.0,0.0,0.0,0.3,-106.4909090909091,2,1167.1
WEST BENGAL,DOMJUR,0.5,0.175,0.97182531580755,0.2898754521821014,0.3,0.2,1,0.5
WEST BENGAL,EAST MIDNAPORE,1466.2575625546042,0.8770474915625925,1622.624456198893,0.3099380558359028,0.9,1109.9575757575758,0,5407.3
WEST BENGAL,EAST MIDNAPUR,2.95,0.3464646464646465,4.126136207155551,0.4486094507448291,0.4,1.2484848484848483,1,3.4
WEST BENGAL,HAORA,1711.1786886021534,0.8773116528173215,1886.307148030533,0.3100113989268456,0.9,1518.5333333333335,0,7051.2
WEST BENGAL,HAWRAH,3.5,0.3200854700854701,6.114645442614713,0.4299798028079944,0.4,1.9090909090909087,1,5.1
WEST BENGAL,HOOGHIY,3.75,0.3345833333333333,6.070191283824771,0.4417367606852986,0.4,1.6121212121212125,1,4.0
WEST BENGAL,HOOGHLY,10750.336270129636,0.8702900627284537,16450.382221455486,0.3081953801069582,0.9,3484.6060606060605,3,35794.8
WEST BENGAL,HOWRAH,7047.052064016713,0.8626958729536434,11195.987653366998,0.3068337598309827,0.9,1600.8242424242426,3,21855.8
WEST BENGAL,HUGLI,3.693774099883856,0.354327623072754,5.427348033694403,0.4583477623558933,0.4,73.07272727272728,1,189.7
WEST BENGAL,JALPAIGURI,2972.957566544847,0.8635774067555311,9335.063550595203,0.3043014170138219,0.9,4560.496969696969,3,27880.8
WEST BENGAL,JHARGRAM,410.2111657292148,0.8380693049088919,775.9350859907772,0.3011758961197339,0.9,91.47878787878788,0,1222.6
WEST BENGAL,KALIMPONG,55.53032031638645,0.7272018858899445,122.6314597680061,0.3589160045564844,0.9,78.1878787878788,0,361.7
WEST BENGAL,KOCH BIHAR,717.3824636623973,0.8834450990465665,782.8862936458623,0.3111969474645413,0.9,2558.060606060606,0,8763.6
WEST BENGAL,KOLKATA,3143.5719230136187,0.8550709602096799,9832.183779605391,0.3021441234586323,0.9,2247.89696969697,0,20787.3
WEST BENGAL,MALDA,8574.39951805656,0.8620066046682595,14921.952372536172,0.3058068967776112,0.9,2412.4424242424243,3,30765.7
WEST BENGAL,MALDAH,700.090495103114,0.8769825544583731,812.885415485162,0.3096860276456119,0.9,968.3151515151516,0,3849.8
WEST BENGAL,MEDINIPUR,3.46,0.3456725329981144,5.514465824840456,0.4487881669975824,0.4,10.8,1,28.2
WEST BENGAL,MEDINIPUR WEST,0.0,0.0,0.0,0.0,0.2,-5.387878787878789,2,64.5
WEST BENGAL,MURSHIDABAD,26896.1127921572,0.8584930909974909,31120.108522749688,0.3070778480128601,0.9,4969.727272727273,3,62694.3
WEST BENGAL,NADIA,4728.345940708108,0.8561234731871062,14888.592192857344,0.3021482721596898,0.9,3949.2,3,33786.0
WEST BENGAL,NAIHATI ANANDABAZAR,0.2,0.0666666666666666,0.6324555320336759,0.2108185106778919,0.1,0.0606060606060606,2,0.2
WEST BENGAL,NORTH 24 PARGANAS,15468.74472331785,0.8626066138117077,29182.170233740337,0.3060995591982681,0.9,5060.927272727273,3,54299.3
WEST BENGAL,NORTH DINAJPUR,45.832017584236766,0.6744342060002018,63.81082942559024,0.4659452387613443,0.7,205.7090909090909,1,643.8
WEST BENGAL,NORTH TWENTY FOUR PARGANAS,755.0106299221484,0.8749366900389509,810.6087636200764,0.3094889102758467,0.9,860.2363636363638,0,3601.5
WEST BENGAL,PASCHIM BARDHAMAN,1105.2184252718105,0.8680891713690556,1806.5844884902556,0.3079262272383851,0.9,208.64242424242423,0,2806.2
WEST BENGAL,PASCHIM MEDINIPUR,11620.870244099307,0.8726108672287533,14820.017577291692,0.3087099157351273,0.9,5527.181818181818,3,38101.5
WEST BENGAL,PURBA BARDHAMAN,1726.8853394999132,0.8382496846174143,3326.3359811844207,0.3038147643026047,0.9,48.70909090909092,0,4033.7
WEST BENGAL,PURBA MEDINIPUR,10694.259104849729,0.858934536224474,13177.366225618216,0.3069800219563861,0.9,1657.7272727272727,3,24910.7
WEST BENGAL,PURULIA,182.4768727290827,0.8668235497794484,203.64703095639703,0.3074632667968279,0.9,328.8181818181818,0,1196.7
WEST BENGAL,PURULIYA,8375.159472056874,0.8694914485603358,10050.146906282576,0.308225414237425,0.9,3569.1696969696973,3,26035.3
WEST BENGAL,SOUTH  TWENTY FOUR PARGANAS,0.5,0.1416666666666666,1.0801234497346437,0.2993047499344661,0.2,0.2363636363636364,1,0.5
WEST BENGAL,SOUTH 24 PARGANA,2.85,0.266060606060606,5.110175035053974,0.4293530558012423,0.4,1.1333333333333333,1,3.5
WEST BENGAL,SOUTH 24 PARGANAS,28188.898166143288,0.8633631548855865,33883.57365577538,0.3072574424693339,0.9,4689.042424242424,3,65936.0
WEST BENGAL,SOUTH DINAJPUR,106.0898746867168,0.8757359481049962,111.95988229370748,0.30882904714916,0.9,269.830303030303,0,939.0
WEST BENGAL,SOUTH DUMDUM(M),1.4,0.2841666666666667,2.3664319132398464,0.3789697290754969,0.4,0.5575757575757576,1,1.4
WEST BENGAL,SOUTH TWENTY FOUR PARGANAS,2015.6418586456075,0.8719515407551223,2212.8487976077245,0.308647304074236,0.9,1613.9212121212122,0,7955.5
WEST BENGAL,UTTAR DINAJPUR,11927.630969885477,0.8414157496442638,21126.309353984616,0.2998032126619204,0.9,2963.709090909091,3,38888.0
WEST BENGAL,WEST MEDINIPUR,1.4666666666666666,0.2774999999999999,2.5151393452303843,0.3792465320853513,0.4,0.6060606060606062,1,1.8
WEST BENGAL,WEST MIDNAPORE,976.9595746261704,0.8784516981840576,1074.952370522896,0.3100340608852437,0.9,1274.1939393939394,0,5184.8
WEST BENGLI,HOOGHLY,0.3,0.1166666666666666,0.6749485577105528,0.249072353016221,0.2,0.1515151515151515,2,0.3
WESTBENGAL,HOOGHLY,6.866666666666667,0.3682345819683806,11.410629655536214,0.4763765811250022,0.4,7.4,1,17.9
WESTBENGAL,HOWRAH,1.1,0.2541666666666666,2.1832697191750423,0.3438446839296293,0.4,0.4303030303030303,1,1.1
