state,district,mean_update_to_enrolment_ratio,mean_update_dependency,update_to_enrolment_ratio_volatility,dependency_volatility,pct_active_months,activity_growth_slope
ANDAMAN & NICOBAR ISLANDS,ANDAMANS,106.58363095238096,0.8795675896808696,97.41609807884389,0.3097727934535821,0.9,42.7030303030303
ANDAMAN & NICOBAR ISLANDS,NICOBARS,0.55,0.16333333333333333,1.2572014777097407,0.2856441712911233,0.3,0.2606060606060606
ANDAMAN & NICOBAR ISLANDS,SOUTH ANDAMAN,6.728472222222223,0.37607125219375376,9.163387022031483,0.4856115855341806,0.4,26.37575757575758
ANDAMAN AND NICOBAR ISLANDS,NICOBAR,149.5324488011988,0.8737437465629428,207.0288781018975,0.30889008863162415,0.9,-9.145454545454545
ANDAMAN AND NICOBAR ISLANDS,NORTH AND MIDDLE ANDAMAN,501.6771618625277,0.8843970738782241,563.3519268224153,0.3112742512344286,0.9,-12.933333333333334
ANDAMAN AND NICOBAR ISLANDS,SOUTH ANDAMAN,674.5678323532803,0.8884266917423014,725.6665970421459,0.31246454706611837,0.9,55.93333333333334
ANDHRA PRADESH,ADILABAD,2952.720897521188,0.8892781767553297,3523.1624483295523,0.3128736283958027,0.9,1021.5636363636363
ANDHRA PRADESH,ALLURI SITHARAMA RAJU,1600.8681724335918,0.8685375567632233,2209.3799733754036,0.3080040816184978,0.9,48.81818181818185
ANDHRA PRADESH,ANAKAPALLI,835.3407425012663,0.8800303200718258,1143.6946255337127,0.3103517467790291,0.9,208.21818181818185
ANDHRA PRADESH,ANANTAPUR,7389.462129176049,0.8792301237929687,9676.180509785392,0.31038273068321715,0.9,864.6121212121212
ANDHRA PRADESH,ANANTHAPUR,7003.307833061168,0.8805253495114679,8711.226710341984,0.3106602590662886,0.9,-840.9939393939395
ANDHRA PRADESH,ANANTHAPURAMU,11335.803114632143,0.8742611064057824,12617.622467173596,0.30944509737162557,0.9,-1651.4
ANDHRA PRADESH,ANNAMAYYA,2609.908647700486,0.8755163124301903,2965.170088625938,0.30944432548245526,0.9,5.0727272727272785
ANDHRA PRADESH,BAPATLA,882.492952576786,0.880604261099349,1080.4537872808276,0.31039825759680173,0.9,196.63030303030303
ANDHRA PRADESH,CHITTOOR,24137.259490707605,0.8809316591060675,27316.074949521684,0.31073284166453996,0.9,-1021.5575757575758
ANDHRA PRADESH,CUDDAPAH,13320.370364789598,0.8797036927760535,14790.686882999915,0.31039257443602314,0.9,492.75757575757575
ANDHRA PRADESH,DR. B. R. AMBEDKAR KONASEEMA,788.7795652497443,0.8795020538118978,981.9753971500431,0.31026206677550006,0.9,307.2787878787879
ANDHRA PRADESH,EAST GODAVARI,25389.000085543033,0.8842216428571668,28610.88832974735,0.3115066913266406,0.9,-457.6424242424244
ANDHRA PRADESH,ELURU,1001.9878334555011,0.8836005110170069,1335.413892767307,0.3111713621536732,0.9,312.8545454545455
ANDHRA PRADESH,GUNTUR,27591.923147115984,0.8796557598760112,30762.422492789075,0.31031776098150937,0.9,-1421.951515151515
ANDHRA PRADESH,HYDERABAD,6821.741062990535,0.8736395056794389,7538.933696910964,0.3090650865368771,0.9,914.2545454545455
ANDHRA PRADESH,K.V. RANGAREDDY,17.62638888888889,0.5747382912957605,19.63633538719156,0.49490225886801836,0.6,18.26060606060606
ANDHRA PRADESH,K.V.RANGAREDDY,10.477361111111112,0.4741642481123348,12.456834179898753,0.5000090046958175,0.5,48.0
ANDHRA PRADESH,KAKINADA,2011.7281970466888,0.879947471881086,2473.0806009341545,0.31028137923165544,0.9,186.01212121212123
ANDHRA PRADESH,KARIM NAGAR,67.18014827201783,0.8791003430664757,54.9508101631935,0.30939609819567887,0.9,75.60000000000001
ANDHRA PRADESH,KARIMNAGAR,829.3492938298211,0.8862071027708073,943.8338785475983,0.31193398218799784,0.9,490.3454545454546
ANDHRA PRADESH,KHAMMAM,2755.9673889721807,0.8899103421736111,3299.226311705693,0.31303679227721803,0.9,874.5757575757576
ANDHRA PRADESH,KRISHNA,18916.971650463416,0.8828496343352839,20950.079997962766,0.31106293341391106,0.9,-201.01212121212131
ANDHRA PRADESH,KURNOOL,33036.14177422986,0.8756667253792821,36013.22502373132,0.30955411068358757,0.9,-2773.0181818181813
ANDHRA PRADESH,MAHABUB NAGAR,175.2606790617936,0.8756535915139485,212.1857422772086,0.3090904644136996,0.9,885.7212121212123
ANDHRA PRADESH,MAHABUBNAGAR,9.2,0.38022461289070436,13.656398581698697,0.4910294156315846,0.4,7.53939393939394
ANDHRA PRADESH,MAHBUBNAGAR,757.2127095756008,0.8833408658973694,915.3867659626188,0.31121319461794167,0.9,407.8545454545455
ANDHRA PRADESH,MEDAK,1130.234440135346,0.8775227232994812,1295.6987974048739,0.3098956546316051,0.9,582.4606060606061
ANDHRA PRADESH,N. T. R,2790.378291308172,0.8839112368302191,3403.5025155386006,0.3112918007005905,0.9,65.04242424242425
ANDHRA PRADESH,NALGONDA,1573.8381888326824,0.8899025379268364,1820.8206370780263,0.3130192204977204,0.9,1326.739393939394
ANDHRA PRADESH,NANDYAL,2318.3671766169145,0.8749847977442974,2878.6986425517584,0.3092277755064155,0.9,40.763636363636365
ANDHRA PRADESH,NELLORE,11980.375384370729,0.8796455722108215,13091.42134920981,0.3103897690462418,0.9,342.769696969697
ANDHRA PRADESH,NIZAMABAD,561.3368091434886,0.8803954460839508,593.1021432136395,0.31060802812943283,0.9,266.92121212121214
ANDHRA PRADESH,PALNADU,2097.335050240431,0.8756180121855698,2873.1682688002047,0.3094661104334081,0.9,40.54545454545455
ANDHRA PRADESH,PARVATHIPURAM MANYAM,1055.2482035716262,0.8764345323310092,1154.5380539528812,0.3098915710965157,0.9,67.44848484848485
ANDHRA PRADESH,PRAKASAM,15951.546190660505,0.8786566226768538,20877.61767455396,0.3100966338786089,0.9,145.67272727272726
ANDHRA PRADESH,RANGAREDDI,3463.7758982435453,0.8819107577126907,3861.9695652179107,0.31086576327326204,0.9,618.3272727272728
ANDHRA PRADESH,SPSR NELLORE,0.0,0.0,0.0,0.0,0.3,-35.193939393939395
ANDHRA PRADESH,SRI POTTI SRIRAMULU NELLORE,1397.0018706847873,0.8641083746330874,1896.639956799274,0.30777768400463384,0.9,339.3333333333333
ANDHRA PRADESH,SRI SATHYA SAI,1536.9003433326152,0.876468640690123,1794.1122801312642,0.3096351842221806,0.9,244.9818181818182
ANDHRA PRADESH,SRIKAKULAM,20145.921142427607,0.8859242189671603,24978.357646460772,0.31191855830845827,0.9,-2354.0
ANDHRA PRADESH,TIRUPATI,2337.442487578518,0.8661302200815006,2929.3396033444087,0.3080199833183677,0.9,222.57575757575756
ANDHRA PRADESH,VISAKHAPATANAM,0.0,0.0,0.0,0.0,0.1,-4.109090909090909
ANDHRA PRADESH,VISAKHAPATNAM,28494.13636248419,0.8819768402110097,32345.703477134757,0.31082859531313645,0.9,-2427.587878787879
ANDHRA PRADESH,VIZIANAGARAM,13589.56044343283,0.8839862559848749,15588.514463031655,0.3114754992517396,0.9,-540.3939393939394
ANDHRA PRADESH,WARANGAL,3454.2842534301853,0.8916131962651453,4169.816550441196,0.31350164055780355,0.9,861.0848484848485
ANDHRA PRADESH,WEST GODAVARI,19580.008568840884,0.8839660675421903,21804.53951914273,0.3114133013341941,0.9,-540.2484848484848
ANDHRA PRADESH,Y. S. R,2042.068518214158,0.8794090948513837,2287.7135202003383,0.3101983131335186,0.9,156.0909090909091
ARUNACHAL PRADESH,ANJAW,106.30681818181817,0.881901143395328,110.54112521530587,0.3105513158136096,0.9,4.363636363636363
ARUNACHAL PRADESH,CHANGLANG,509.53506164302337,0.8645286112250288,649.5368839006859,0.30860375560711756,0.9,138.56363636363636
ARUNACHAL PRADESH,DIBANG VALLEY,38.47,0.8664834901848657,34.49135318372482,0.30558935914031593,0.9,10.58787878787879
ARUNACHAL PRADESH,EAST KAMENG,235.15682273040971,0.8786720236386069,235.50765075224908,0.3096760945914028,0.9,44.26666666666667
ARUNACHAL PRADESH,EAST SIANG,172.90482321959604,0.8825587295006786,165.03510597137165,0.3107771333876157,0.9,111.83030303030303
ARUNACHAL PRADESH,KAMLE,12.802380952380952,0.5505435201387681,20.32957863428851,0.47589919967237887,0.6,9.339393939393942
ARUNACHAL PRADESH,KRA DAADI,107.97419071976617,0.8551250098399503,116.36572049145694,0.30531849477862316,0.9,-8.975757575757575
ARUNACHAL PRADESH,KURUNG KUMEY,251.74355193539404,0.876652799068431,262.73623320730906,0.30944589454723065,0.9,-33.58787878787879
ARUNACHAL PRADESH,LEPARADA,3.8,0.34814814814814815,6.129165250396392,0.4517405246381664,0.4,2.254545454545455
ARUNACHAL PRADESH,LOHIT,249.66394557823128,0.8779490449249702,264.5912633635322,0.3097051477511957,0.9,53.290909090909096
ARUNACHAL PRADESH,LONGDING,164.06928668885297,0.7823050521724804,217.0681321564377,0.32482694447195176,0.9,14.927272727272728
ARUNACHAL PRADESH,LOWER DIBANG VALLEY,145.8957288401254,0.8763829242475605,158.00715352932792,0.3093126318959271,0.9,31.418181818181818
ARUNACHAL PRADESH,LOWER SIANG,24.75846153846154,0.5745191855007595,38.70346820401327,0.49491389557002785,0.6,15.375757575757577
ARUNACHAL PRADESH,LOWER SUBANSIRI,208.3481350991171,0.8804990555168086,217.9624770297095,0.31019657991336635,0.9,14.375757575757577
ARUNACHAL PRADESH,NAMSAI,435.3785473117508,0.8806949168658598,446.9960598915586,0.31076207655139615,0.9,20.957575757575757
ARUNACHAL PRADESH,PAKKE KESSANG,8.55,0.47041878952537947,9.575576570978201,0.49602511408878963,0.5,3.618181818181818
ARUNACHAL PRADESH,PAPUM PARE,718.054184666529,0.8757807832019452,860.2906932657837,0.3093237040934891,0.9,13.878787878787874
ARUNACHAL PRADESH,SHI-YOMI,25.59280303030303,0.8549485348669666,16.697050974040938,0.3027820267231222,0.9,20.775757575757577
ARUNACHAL PRADESH,SIANG,105.3443076923077,0.8660457586402108,96.45208991416409,0.3094592677420426,0.9,14.64848484848485
ARUNACHAL PRADESH,TAWANG,124.94267750040915,0.8696299119093582,126.47307787840289,0.30867741129784276,0.9,48.13939393939394
ARUNACHAL PRADESH,TIRAP,113.71717171717171,0.8762431054898643,116.66455695033017,0.30898177708802893,0.9,32.78787878787879
ARUNACHAL PRADESH,UPPER SIANG,104.9425,0.8883830932768338,73.34222299338295,0.3122805330309646,0.9,58.375757575757575
ARUNACHAL PRADESH,UPPER SUBANSIRI,343.1436564757482,0.8753103201317696,406.18434796201933,0.3091400906585415,0.9,-29.28484848484849
ARUNACHAL PRADESH,WEST KAMENG,329.4068176824457,0.8679835612608665,405.1764596142514,0.307702735417533,0.9,48.96363636363637
ARUNACHAL PRADESH,WEST SIANG,350.17934731934736,0.8828097557724804,502.6089985915243,0.3108770662960664,0.9,38.72727272727273
ASSAM,BAJALI,11.643333333333334,0.38298134258348243,19.375764739985343,0.4945333915638904,0.4,35.418181818181814
ASSAM,BAKSA,26.646300687563336,0.8075798964963244,51.59508646217886,0.2934169756260507,0.9,245.1757575757576
ASSAM,BARPETA,47.68032813286365,0.8210308733251394,91.48027500315568,0.3004165623666377,0.9,1488.278787878788
ASSAM,BISWANATH,633.0402752238658,0.8540413983258537,1180.4198678599162,0.304166050150215,0.9,169.87878787878788
ASSAM,BONGAIGAON,34.63489441561932,0.8623981677130699,42.308302948528414,0.30401034294316615,0.9,70.0909090909091
ASSAM,CACHAR,2167.170671289817,0.7827103328930145,5046.531379988592,0.3001544867523928,0.9,1238.4848484848485
ASSAM,CHARAIDEO,517.4476124263657,0.830259513892741,920.0310937471996,0.30965527462732695,0.9,214.8181818181818
ASSAM,CHIRANG,579.4147938875424,0.8211768664292945,1251.8880344957886,0.30931879537987444,0.9,532.8000000000001
ASSAM,DARRANG,815.3421930516604,0.7937499264003482,2554.3040720718823,0.2864863962302118,0.9,625.9939393939395
ASSAM,DHEMAJI,15.561340511482019,0.7437806007323408,31.44422758746874,0.3003394027627246,0.9,343.1878787878788
ASSAM,DHUBRI,406.10789892793287,0.8283223607019927,1240.7056992921002,0.2947660933042245,0.9,1637.478787878788
ASSAM,DIBRUGARH,32.60092012949836,0.7811783246023715,80.22448818146664,0.29441279084489297,0.9,173.2848484848485
ASSAM,DIMA HASAO,5.363571428571428,0.34703601243277515,11.297008839961077,0.45086229665044,0.6,11.67878787878788
ASSAM,GOALPARA,875.1873277649563,0.7753058591730673,2741.639488476399,0.2894458549919606,0.9,938.0909090909091
ASSAM,GOLAGHAT,1045.325807234866,0.6592262832115063,3290.766456619089,0.31518780442221206,0.9,361.41212121212124
ASSAM,HAILAKANDI,702.7495038873908,0.8091778096248865,1227.221934494573,0.296438107743916,0.9,871.9575757575758
ASSAM,HOJAI,221.59646972614837,0.7987535349203763,653.6860365580519,0.2924665310417045,0.9,609.2
ASSAM,JORHAT,707.0738309678179,0.7796451029239083,2207.256854170796,0.29900709824764116,0.9,421.7939393939394
ASSAM,KAMRUP,26.13082001347841,0.7729018828704526,60.853368513366526,0.2914359813115751,0.9,1032.3272727272729
ASSAM,KAMRUP METRO,943.7233289752887,0.8046709988938942,2957.184584019274,0.2889487707108202,0.9,433.87272727272733
ASSAM,KARBI ANGLONG,1472.2804693442206,0.7993081527832365,3123.1523204475156,0.31101014432152096,0.9,864.7757575757577
ASSAM,KARIMGANJ,780.5173092124434,0.7165224651578559,2453.398241907199,0.28967642597215626,0.9,1894.6121212121213
ASSAM,KOKRAJHAR,10.930458048536886,0.8122736484315141,7.975829634670484,0.2891193572873048,0.9,286.3090909090909
ASSAM,LAKHIMPUR,18.698249666582694,0.7752523153374955,39.044522820602076,0.2843502458441446,0.9,587.7757575757577
ASSAM,MAJULI,228.8130209664811,0.8413370097805165,352.27613950225725,0.3100006697494665,0.9,47.92727272727273
ASSAM,MARIGAON,8.236738450402754,0.7671230920148905,7.157836921249023,0.28566950276312975,0.9,859.8000000000001
ASSAM,NAGAON,883.1352172342522,0.854273416625586,2584.1426195124955,0.30300326267457844,0.9,3160.866666666667
ASSAM,NALBARI,992.196772680787,0.828117866278847,2349.572418641065,0.2984512135269474,0.9,614.2727272727273
ASSAM,NORTH CACHAR HILLS,166.18686334352734,0.7797424290336772,298.19013841588946,0.32530248744677914,0.9,104.5878787878788
ASSAM,SIBSAGAR,551.5234624297078,0.8022144524618768,988.7968919819581,0.30389828788396855,0.9,433.53333333333336
ASSAM,SIVASAGAR,0.0,0.0,0.0,0.0,0.2,-3.5272727272727273
ASSAM,SONITPUR,22.702128049057254,0.7913009690923318,50.379663258116814,0.28674055361564227,0.9,948.3151515151516
ASSAM,SOUTH SALMARA MANKACHAR,1022.6885637216919,0.8317780806148967,2040.3315152115858,0.313030538561273,0.9,292.6727272727273
ASSAM,SRIBHUMI,14.55819356034948,0.3856389709188807,24.795183370152884,0.49795328224885566,0.4,234.8181818181818
ASSAM,TAMULPUR DISTRICT,9.880357142857143,0.3812064834078059,15.597755272137027,0.4922432917288144,0.4,55.7030303030303
ASSAM,TINSUKIA,220.07025791082324,0.7528045562451736,670.4306244103792,0.3011730545280791,0.9,654.6545454545455
ASSAM,UDALGURI,327.567377742408,0.8085206337418951,655.5354681072133,0.2976163353231653,0.9,315.969696969697
ASSAM,WEST KARBI ANGLONG,69.09784468340577,0.5921101549610647,204.5517109781426,0.348437934335473,0.9,44.06666666666667
BALANAGAR,IDPL COLONY,0.2,0.06666666666666667,0.6324555320336759,0.21081851067789195,0.1,0.1090909090909091
BIHAR,ARARIA,10991.918065448033,0.8567827220470956,20819.202676737772,0.3041518999024047,0.9,988.448484848485
BIHAR,ARWAL,1938.8553830266242,0.8432245461602339,3706.899813504411,0.30079017089223453,0.9,286.5939393939394
BIHAR,AURANGABAD,8808.313429800193,0.8657288662989634,12607.055223873353,0.3074748190732602,0.9,1174.509090909091
BIHAR,AURANGABAD(BH),3.287218144174666,0.35424822783586296,4.519999177877334,0.45759992108880754,0.4,38.721212121212126
BIHAR,BANKA,7206.221721846506,0.8516349748330676,13401.437463546969,0.302249916439941,0.9,591.0848484848484
BIHAR,BEGUSARAI,11419.673646053005,0.8631780351076699,18747.49043343248,0.3059136469116308,0.9,921.3636363636364
BIHAR,BHABUA,1.9143398268398268,0.32655245973646474,2.6307602513686335,0.4227444991641627,0.4,7.175757575757576
BIHAR,BHAGALPUR,105.79274309582998,0.8255032262541366,292.8919693235578,0.29700489716075673,0.9,242.33939393939397
BIHAR,BHOJPUR,8389.812108828679,0.8583980050841451,15399.820934717436,0.30496815902485347,0.9,1484.6424242424243
BIHAR,BUXAR,5719.174762673665,0.8627889678325917,8701.933486410964,0.307155806890094,0.9,809.9030303030304
BIHAR,DARBHANGA,14973.201491858887,0.8670863878856897,21669.960615600943,0.3072611997547677,0.9,1736.1878787878788
BIHAR,EAST CHAMPARAN,13134.466722268713,0.8441787750709855,27065.383973519205,0.30118967099767013,0.9,3279.3515151515153
BIHAR,GAYA,9356.403904302348,0.8255747761702696,29557.667727830023,0.29254468064964106,0.9,-40.64848484848476
BIHAR,GOPALGANJ,5496.454176737633,0.8311130965350934,12764.458208119504,0.29679130112247026,0.9,1228.7212121212121
BIHAR,JAMUI,3814.9644884314584,0.836858274542627,9378.596835001437,0.29758719300758835,0.9,691.1818181818181
BIHAR,JEHANABAD,2390.292172028543,0.8541349813937467,5128.47985827388,0.30289478097718386,0.9,575.6969696969697
BIHAR,KAIMUR (BHABUA),2364.0775657455115,0.8496819961536136,7427.816374869359,0.29987392802002305,0.9,881.0909090909091
BIHAR,KATIHAR,14224.17305899132,0.8667324157264856,25049.16678034475,0.30617145090495634,0.9,1210.3515151515153
BIHAR,KHAGARIA,6654.730901011024,0.8644770315702314,8873.769158632247,0.30719270289308126,0.9,1030.9575757575758
BIHAR,KISHANGANJ,11201.782903236348,0.8785799039154328,14324.597362625871,0.3102026668569537,0.9,2113.29696969697
BIHAR,LAKHISARAI,2977.653589239357,0.8398141264246849,5490.486151321239,0.30289075198244425,0.9,748.478787878788
BIHAR,MADHEPURA,9574.658237991142,0.8699978461552735,12337.556549604147,0.30802888778599924,0.9,926.2242424242424
BIHAR,MADHUBANI,38.02960574400913,0.8412087402567943,75.38934882911325,0.2974954705794311,0.9,1096.0
BIHAR,MONGHYR,3.442114845938376,0.3499185021680777,5.459547860367712,0.45271097256066195,0.4,15.745454545454546
BIHAR,MUNGER,2773.7936984031007,0.847124849125499,7025.275387028739,0.29971227307649245,0.9,498.1636363636364
BIHAR,MUZAFFARPUR,115.23637814892213,0.8285104219327228,330.0751999337923,0.29461196113044436,0.9,1852.909090909091
BIHAR,NALANDA,7376.368511765257,0.8500361565730227,13884.266572449842,0.3020535396692455,0.9,2200.121212121212
BIHAR,NAWADA,6550.273990774077,0.8297004067214834,10929.633601400637,0.3033738636121958,0.9,883.4303030303031
BIHAR,PASHCHIM CHAMPARAN,11.161747115113988,0.4752524594614137,13.918698116974227,0.5011056654254166,0.8,-131.95151515151514
BIHAR,PATNA,110.6213662553525,0.8516577650592053,294.8948493931478,0.3004740250551324,0.9,3080.327272727273
BIHAR,PURBA CHAMPARAN,3.9830743235732227,0.3593858413934746,5.789147025643004,0.46436079026104027,0.4,49.26666666666667
BIHAR,PURBI CHAMPARAN,0.0,0.0,0.0,0.0,0.3,-181.54545454545453
BIHAR,PURNEA,308.67024386252046,0.8784801092319008,318.2580637556792,0.3097465089787367,0.9,84.28484848484848
BIHAR,PURNIA,8329.47901986761,0.8552737349757316,19425.041284770796,0.30288671675354534,0.9,1120.8545454545456
BIHAR,ROHTAS,9233.843313392184,0.8778092866772107,12321.523140665393,0.30971442630339224,0.9,1961.6606060606061
BIHAR,SAHARSA,5857.468662256532,0.8424435541509674,13158.307225175302,0.2985105463771601,0.9,445.6848484848485
BIHAR,SAMASTIPUR,16166.277941269214,0.862975407635836,26691.930926530706,0.30595556392151624,0.9,1617.2848484848485
BIHAR,SAMSTIPUR,3.955596638655462,0.3517942361281145,6.916195992390254,0.4551450878298392,0.4,27.56969696969697
BIHAR,SARAN,8240.675005769574,0.8383369260299416,20834.3981384723,0.2987311241683911,0.9,2166.3030303030305
BIHAR,SHEIKHPURA,2945.4164561224393,0.8682903053203075,3638.1387857095374,0.308047963764024,0.9,422.739393939394
BIHAR,SHEIKPURA,3.9727272727272727,0.36193069213170126,5.298788828080177,0.46744875459796664,0.4,11.612121212121213
BIHAR,SHEOHAR,2955.1951802387966,0.8643398762405642,4268.1048461904065,0.307000767535471,0.9,232.10909090909092
BIHAR,SITAMARHI,11.682944444872266,0.7831656268840088,14.775974412882487,0.2872048568803614,0.9,530.4363636363637
BIHAR,SIWAN,6329.651437751896,0.8513152613991034,15056.755581907646,0.3020308284184307,0.9,1953.5454545454545
BIHAR,SUPAUL,10463.836232233363,0.8658962872465285,15582.768775954635,0.3074322867489549,0.9,348.5939393939394
BIHAR,VAISHALI,12540.880583258246,0.8589180087608093,21623.00398568145,0.3060927670167163,0.9,914.8666666666668
BIHAR,WEST CHAMPARAN,10988.105202687711,0.8300282579253908,22887.8600600586,0.3013817484648783,0.9,3261.1393939393943
CHANDIGARH,CHANDIGARH,9263.891131114262,0.8752323243049662,14463.271332457523,0.30911836870013715,0.9,-1198.8
CHANDIGARH,MOHALI,1.1,0.275,1.728840330651992,0.36440802663572497,0.4,0.4666666666666667
CHANDIGARH,RUPNAGAR,2.3,0.3325757575757576,3.4334951418181574,0.4309896653323647,0.4,1.3636363636363635
CHHATISGARH,RAIPUR,0.9,0.2633333333333333,1.3703203194062978,0.3472822170391178,0.4,0.38181818181818183
CHHATTISGARH,BALOD,7737.942242842708,0.8876999794885337,8865.30865753455,0.3123745628727974,0.9,482.369696969697
CHHATTISGARH,BALODA BAZAR,10846.276314539518,0.8821356249485774,14470.597307899669,0.31062108210308526,0.9,1862.5272727272727
CHHATTISGARH,BALRAMPUR,4449.268749253345,0.8545888521518086,8538.081806367665,0.30456829498827115,0.9,907.1757575757576
CHHATTISGARH,BASTAR,7855.9220101757,0.8735992152156964,8678.26758295328,0.3087193799926997,0.9,1852.939393939394
CHHATTISGARH,BEMETARA,9034.427784487212,0.8840477154532664,10299.451398892463,0.3113875875376634,0.9,656.1939393939394
CHHATTISGARH,BIJAPUR,8.479252054334777,0.7613918486875646,12.220666566044533,0.2750791394847843,0.9,237.55757575757576
CHHATTISGARH,BILASPUR,13697.062055834967,0.8757954423741234,19705.6301728801,0.30925184726785815,0.9,2402.709090909091
CHHATTISGARH,DAKSHIN BASTAR DANTEWADA,1703.5887009348444,0.8716741800364206,2137.138216070624,0.30946745438214496,0.9,292.33333333333326
CHHATTISGARH,DANTEWADA,1173.5609091119957,0.8734367328878807,1875.6277179922104,0.3102006125669364,0.9,185.4787878787879
CHHATTISGARH,DHAMTARI,7118.263008025303,0.8865775690725597,7674.724987699666,0.3120586253527996,0.9,463.67878787878794
CHHATTISGARH,DURG,7814.835647805148,0.8849904549936835,12981.578138800784,0.3113189499979673,0.9,1549.8606060606062
CHHATTISGARH,GARIYABAND,3082.153243308593,0.8855176440158736,3290.5497957126704,0.3118307526879761,0.9,1103.4242424242425
CHHATTISGARH,GAURELA-PENDRA-MARWAHI,260.8014169360052,0.8780726159780942,311.40373428114765,0.3100006364913196,0.9,43.13939393939394
CHHATTISGARH,GAURELLA PENDRA MARWAHI,0.0,0.0,0.0,0.0,0.2,-13.606060606060609
CHHATTISGARH,JANJGIR - CHAMPA,5.387777777777778,0.36529446597046217,7.933282238656917,0.4726189138482858,0.4,18.33939393939394
CHHATTISGARH,JANJGIR CHAMPA,6.927965367965368,0.36968746961270516,11.795856127151414,0.47791598616773273,0.4,18.612121212121213
CHHATTISGARH,JANJGIR-CHAMPA,15477.648869752036,0.8848738733117459,17563.44784319601,0.3117232892341294,0.9,892.3333333333334
CHHATTISGARH,JASHPUR,7095.815860521596,0.884275794359095,8533.807696385516,0.3115143179844459,0.9,1375.6666666666667
CHHATTISGARH,KABEERDHAM,3136.9531288336984,0.8840023951691733,3696.666106515976,0.3114078818185476,0.9,354.3333333333333
CHHATTISGARH,KANKER,3356.860582985092,0.8820576117290472,3952.9136202965483,0.31109068664645584,0.9,1190.3636363636363
CHHATTISGARH,KAWARDHA,6444.582166252123,0.8843906854671874,9000.569608364158,0.31150940467547034,0.9,579.9818181818182
CHHATTISGARH,KHAIRAGARH CHHUIKHADAN GANDAI,249.19828791777863,0.5766904156752883,617.5392007510566,0.4969931116884721,0.6,182.47272727272727
CHHATTISGARH,KONDAGAON,6620.877283175988,0.8728934125316151,13954.027181104324,0.30912549993681926,0.9,975.7818181818184
CHHATTISGARH,KORBA,11115.517697410893,0.8804234684651586,12735.566685155498,0.31052474092685867,0.9,96.82424242424243
CHHATTISGARH,KORIYA,4442.725074424134,0.8831466021423852,5227.869231805027,0.3112477367435107,0.9,805.9818181818182
CHHATTISGARH,MAHASAMUND,15569.027838476788,0.8793582298737359,27270.809368557926,0.3104948189543802,0.9,-121.14545454545465
CHHATTISGARH,MANENDRAGARHCHIRMIRIBHARATPUR,31.2,0.2967606183956252,53.57818793335794,0.4778360356185743,0.3,-8.181818181818182
CHHATTISGARH,MANENDRAGARH–CHIRMIRI–BHARATPUR,8.274681160003391,0.37372980878767914,14.833943672809475,0.48286456556547663,0.4,237.2848484848485
CHHATTISGARH,MOHALLA-MANPUR-AMBAGARH CHOWKI,12.908333333333335,0.4572880983750549,22.248194891404694,0.4850424041689831,0.5,5.175757575757576
CHHATTISGARH,MOHLA-MANPUR-AMBAGARH CHOUKI,1057.2866562315048,0.8898508833360539,1513.249825080581,0.3129917019764377,0.9,387.9818181818182
CHHATTISGARH,MUNGELI,7918.079797037902,0.8799813184603809,9619.64945929579,0.3105797664661939,0.9,1121.030303030303
CHHATTISGARH,NARAYANPUR,2551.2539309613153,0.8734292559779145,4061.1664922962814,0.3090387217415455,0.9,21.103030303030305
CHHATTISGARH,RAIGARH,8789.472604630659,0.8848552528672855,11900.779352636726,0.3114732310158226,0.9,2018.7393939393942
CHHATTISGARH,RAIPUR,12622.717032781995,0.8750082038415125,20563.938355214683,0.3092398598768879,0.9,621.8606060606062
CHHATTISGARH,RAJNANDGAON,18237.68797230794,0.8844064871239408,27572.124144284833,0.3114932627301409,0.9,30.72121212121217
CHHATTISGARH,SAKTI,393.3231483510391,0.8777318920845996,436.4569167233079,0.3100632385778981,0.9,306.29090909090917
CHHATTISGARH,SARANGARH-BILAIGARH,17.783968946430246,0.3905961420826506,24.04552209837442,0.5042761893100948,0.4,404.1212121212121
CHHATTISGARH,SUKMA,719.8480175011564,0.8504135255832306,1501.6727810024374,0.3015595980036474,0.9,658.6909090909091
CHHATTISGARH,SURAJPUR,4628.722602406514,0.8815752318939966,5177.73581463363,0.31073807138414383,0.9,1299.0545454545456
CHHATTISGARH,SURGUJA,9677.914981223135,0.884057821997469,11186.710388690237,0.3114700681614476,0.9,1748.357575757576
CHHATTISGARH,UTTAR BASTAR KANKER,1734.9140837169707,0.8841226712308592,1986.6548217742939,0.3114061889555978,0.9,701.7030303030303
DADRA & NAGAR HAVELI,DADRA & NAGAR HAVELI,35.54611111111111,0.5767993529450406,51.61015295327152,0.4969794047563853,0.6,10.127272727272729
DADRA AND NAGAR HAVELI,DADRA AND NAGAR HAVELI,1824.621236929701,0.8804758151720306,1936.7726714398925,0.31040639402425546,0.9,-48.521212121212116
DADRA AND NAGAR HAVELI AND DAMAN AND DIU,DADRA AND NAGAR HAVELI,171.56,0.8811884496980917,164.6048851711948,0.31039189726320804,0.9,29.290909090909093
DADRA AND NAGAR HAVELI AND DAMAN AND DIU,DAMAN,111.36386363636363,0.8730634028921314,203.06545625244644,0.30803447907269477,0.9,4.212121212121211
DADRA AND NAGAR HAVELI AND DAMAN AND DIU,DIU,24.3875,0.45855494751664105,59.27971740682755,0.4853735619320566,0.5,-1.8242424242424233
DAMAN & DIU,DAMAN,119.03333333333333,0.890893556303037,86.66200307965295,0.3130714116729109,0.9,1.551515151515151
DAMAN & DIU,DIU,60.9202380952381,0.7801139153817694,66.5474737696117,0.41150786840342957,0.8,16.35151515151515
DAMAN AND DIU,DAMAN,276.7870215311005,0.8892380025803366,278.7998406136432,0.3126703861714545,0.9,5.993939393939394
DAMAN AND DIU,DIU,180.8722222222222,0.8770641945480053,177.43103540559886,0.3097199253038808,0.9,7.200000000000001
DARBHANGA,NEAR UNIVERSITY THANA,0.2,0.06666666666666667,0.6324555320336759,0.21081851067789195,0.1,0.1090909090909091
DELHI,CENTRAL DELHI,2042.3215965992858,0.8544610208594641,6343.633399325578,0.30295370587526815,0.9,-1298.4121212121213
DELHI,EAST DELHI,3157.734901268112,0.861086186721883,9904.367296254028,0.30413615692498325,0.9,-3726.3636363636365
DELHI,NAJAFGARH,67.015,0.6694470276780481,90.23951204406315,0.46349787309245644,0.7,-6.836363636363637
DELHI,NEW DELHI,374.32675624360354,0.7838797973379348,741.5413543407611,0.34143570165638765,0.9,-63.92121212121212
DELHI,NORTH DELHI,7092.810592290969,0.861711905853657,11720.936289203382,0.3049756597146782,0.9,-1773.860606060606
DELHI,NORTH EAST,3854.3348739786334,0.8646094462636407,4521.978385981628,0.3076130433114253,0.9,-461.52121212121216
DELHI,NORTH EAST   *,0.0,0.0,0.0,0.0,0.1,0.03636363636363636
DELHI,NORTH EAST DELHI,13221.399343323958,0.8532332812369845,22464.65291163528,0.3030520626815344,0.9,-2886.2606060606063
DELHI,NORTH WEST DELHI,229.63919683333734,0.8679540287341381,578.1999563038552,0.306612309421966,0.9,-8409.848484848484
DELHI,SHAHDARA,1053.5705226523046,0.8580880135438751,2200.3469547204204,0.3032789192976021,0.9,-366.3212121212121
DELHI,SOUTH DELHI,6806.537343029979,0.8609189379941314,21362.493234045523,0.3050740183792939,0.9,-5540.703030303031
DELHI,SOUTH EAST DELHI,53.27474637681159,0.8728779337166032,43.27125598877558,0.30766327922628195,0.9,44.696969696969695
DELHI,SOUTH WEST DELHI,5704.913189549736,0.8648322249829719,17930.86887913316,0.30562936722384826,0.9,-3629.448484848485
DELHI,WEST DELHI,39.43840820137069,0.8501128920570571,71.09019768743912,0.30022069332399315,0.9,-5658.854545454546
GOA,BARDEZ,5.5,0.36693121693121694,8.631338250816034,0.4741547215825936,0.4,2.8424242424242427
GOA,BICHOLIM,0.4,0.13333333333333333,0.8432740427115678,0.28109134757052257,0.2,0.16969696969696973
GOA,NORTH GOA,2223.044759019471,0.8812716054835942,3094.074635463937,0.3106686291697468,0.9,301.4787878787879
GOA,SOUTH GOA,2320.1840138221337,0.883077168854032,2729.703599705067,0.3111938071888838,0.9,135.42424242424244
GOA,TISWADI,0.6,0.19166666666666665,1.07496769977314,0.31439241815379804,0.3,0.20606060606060608
GUJARAT,AHMADABAD,494.3801514827548,0.7524693215191421,929.8455874891123,0.3695999473362439,0.9,379.1333333333334
GUJARAT,AHMEDABAD,18155.085999487896,0.8701559542788401,39509.6087244416,0.3077284080541315,0.9,-2343.818181818182
GUJARAT,AMRELI,3650.22419793606,0.8595713937872601,6033.792327515914,0.3041810023861899,0.9,-41.83636363636364
GUJARAT,ANAND,2679.05424367071,0.8555807959738526,8365.687759253678,0.30326759864971536,0.9,-457.68484848484843
GUJARAT,ARVALLI,1280.9181048752193,0.8438626424747708,2067.332802708328,0.3005187386898314,0.9,35.284848484848474
GUJARAT,BANAS KANTHA,2.376864676336158,0.3290855613746403,4.048999733570383,0.42445300029789823,0.7,-117.9030303030303
GUJARAT,BANASKANTHA,8977.192853189144,0.8252799131261426,14566.543590359839,0.2992776305047264,0.9,457.6363636363636
GUJARAT,BHARUCH,5145.889209875114,0.865407898766445,9127.68420241526,0.30616005076976505,0.9,-413.53333333333336
GUJARAT,BHAVNAGAR,5776.954810545296,0.8518125074944898,12476.65559919656,0.30235830214500115,0.9,-527.939393939394
GUJARAT,BOTAD,700.434640478649,0.8012787765206342,1596.0434812730832,0.291803566117066,0.9,-82.61818181818182
GUJARAT,CHHOTAUDEPUR,670.1735221107535,0.8242491113387812,2077.582429220114,0.29733905109762426,0.9,-299.5878787878788
GUJARAT,DAHOD,6332.638213547003,0.8348588536853161,10638.85947260048,0.29867394159943084,0.9,-848.6545454545455
GUJARAT,DANG,0.0,0.0,0.0,0.0,0.2,-9.696969696969697
GUJARAT,DEVBHUMI DWARKA,820.0096218207184,0.8267792611745313,1718.14472711869,0.2959789237230882,0.9,-31.672727272727276
GUJARAT,DOHAD,435.0541311896961,0.6936310805772246,907.859006576739,0.35986287918425097,0.9,-52.74545454545455
GUJARAT,GANDHINAGAR,2455.09202066124,0.8574002687892314,7686.435419025862,0.303062126678452,0.9,-954.6060606060606
GUJARAT,GIR SOMNATH,1219.1588113420316,0.8013006352784962,2630.3513135710086,0.2953527941899871,0.9,-16.042424242424243
GUJARAT,JAMNAGAR,3512.825498050347,0.8531012487392922,7821.810933939994,0.3021486130650003,0.9,-133.01212121212134
GUJARAT,JUNAGADH,6901.176893859342,0.8621319185385513,9232.330950691818,0.3064071133205716,0.9,108.13939393939397
GUJARAT,KACHCHH,89.43440825455686,0.8524249798377189,158.13885717930248,0.30222767594908667,0.9,-673.2242424242423
GUJARAT,KHEDA,5460.8859727225845,0.8555601104404913,12394.476287527597,0.30356864627231556,0.9,-747.7878787878788
GUJARAT,MAHESANA,4599.578859505686,0.8572246203433929,9948.029033728151,0.3031866260121337,0.9,-469.1151515151515
GUJARAT,MAHISAGAR,967.0070593296911,0.8404684467118706,2063.9836985686406,0.2992661549967198,0.9,-14.484848484848479
GUJARAT,MORBI,14.680158970988426,0.7853252562903629,26.46551607775179,0.28258725227410497,0.9,-355.24848484848485
GUJARAT,NARMADA,3606.7267707192236,0.8711278639150777,4046.9511824676506,0.308413794239162,0.9,-423.52121212121216
GUJARAT,NAVSARI,2204.8160453204428,0.8664084919968736,5229.225477366115,0.3057050061491022,0.9,-35.993939393939364
GUJARAT,PANCH MAHALS,4.2542153924506865,0.35946295729898925,6.137948314320741,0.46504020300860355,0.5,24.47272727272727
GUJARAT,PANCHMAHALS,5105.216169529975,0.8558085007295173,8442.177967200396,0.3035502622691265,0.9,472.83030303030307
GUJARAT,PATAN,21.14842910727513,0.8298246747834988,23.682035808593113,0.2958194409812286,0.9,23.727272727272727
GUJARAT,PORBANDAR,1344.5480978585497,0.848237233815284,2895.333692810555,0.30010133098202246,0.9,-185.54545454545456
GUJARAT,RAJKOT,4463.327285002343,0.8469342300112637,14039.378552567572,0.2998707030228406,0.9,-1459.5212121212126
GUJARAT,SABAR KANTHA,3.334155844155844,0.3524095721923764,4.823464276952966,0.4555639130509967,0.5,41.41212121212121
GUJARAT,SABARKANTHA,5301.64024099416,0.8632348135199779,9032.497344755875,0.30560503264527045,0.9,-35.82424242424246
GUJARAT,SURAT,15365.504570196592,0.8617684228802786,33807.42157484744,0.3042430502828197,0.9,-2670.6545454545458
GUJARAT,SURENDRA NAGAR,5635.6664678422,0.8466376997906506,9879.300283081611,0.3028537718469855,0.9,-803.8969696969698
GUJARAT,SURENDRANAGAR,4.3934443777511,0.36226735123326814,6.507941287283894,0.4680522676712851,0.5,54.64242424242424
GUJARAT,TAPI,2487.101355539576,0.8604184620178282,3502.84370219246,0.3069509115276355,0.9,-147.2666666666667
GUJARAT,THE DANGS,1349.9351880412266,0.8597956104421558,2248.0578744812037,0.3049000282020941,0.9,-389.9818181818182
GUJARAT,VADODARA,90.78953788882816,0.8600924486622423,188.40739437510072,0.30406939344407735,0.9,-23.27272727272734
GUJARAT,VALSAD,3925.497693579777,0.8467912420825001,8961.02653875867,0.30021166801243493,0.9,-597.5212121212121
HARYANA,AKHERA,0.1,0.05,0.31622776601683794,0.15811388300841897,0.1,0.04242424242424243
HARYANA,AMBALA,5286.696310138499,0.8692563395937363,6849.318723371109,0.30757868570525426,0.9,-261.3939393939393
HARYANA,BHIWANI,7713.958844976873,0.8735080853963003,8332.727811305203,0.3088962557608287,0.9,-142.07272727272732
HARYANA,CHARKHI DADRI,1156.0800987405419,0.8664974380841072,1342.7307493583044,0.3078557581252225,0.9,92.55151515151516
HARYANA,FARIDABAD,38.470883963862306,0.8484475617582424,75.44808141134286,0.2992709314541191,0.9,-1209.3515151515153
HARYANA,FATEHABAD,7056.027306348832,0.8750490992347555,7758.94202769521,0.30916308061976616,0.9,-417.8545454545455
HARYANA,GURGAON,7457.641170677688,0.8629601164712313,12703.548744202972,0.30538097900141836,0.9,-302.53939393939396
HARYANA,GURUGRAM,0.0,0.0,0.0,0.0,0.3,-28.363636363636363
HARYANA,HISAR,9341.524141149019,0.8702263178916096,12527.506525575856,0.3077561910701253,0.9,-208.6969696969697
HARYANA,JHAJJAR,5271.9708775410345,0.8711830372758513,5989.984900999739,0.30855616829248883,0.9,-41.99393939393942
HARYANA,JHAJJAR *,0.0,0.0,0.0,0.0,0.1,0.01818181818181818
HARYANA,JIND,8238.500123987205,0.870995333001374,8786.675455623663,0.30856028746487146,0.9,-279.1151515151515
HARYANA,KAITHAL,6491.621739503829,0.872860843813681,8875.75654964593,0.3081347301226366,0.9,-756.8424242424244
HARYANA,KARNAL,8902.839897864771,0.8703385758407993,9596.07023144093,0.3083624530469361,0.9,-595.9030303030304
HARYANA,KURUKSHETRA,5406.298904632441,0.8742174778004612,6999.032581972094,0.30877234835237705,0.9,-408.72121212121215
HARYANA,MAHENDRAGARH,4295.2621779747415,0.8681735195708591,4593.318183110577,0.3079312312271026,0.9,137.0060606060606
HARYANA,MEWAT,5569.872117822681,0.8547658641091374,8221.027875168647,0.30396356125890656,0.9,903.0787878787879
HARYANA,NUH,0.0,0.0,0.0,0.0,0.1,-27.381818181818183
HARYANA,PALWAL,7464.808822417135,0.865993428944593,8714.376465224299,0.30750285235647745,0.9,199.22424242424245
HARYANA,PANCHKULA,4577.543068360214,0.8784767427274522,5007.00912363666,0.3099375375056601,0.9,-312.9272727272727
HARYANA,PANIPAT,5919.525863611687,0.8575473313233681,9971.118198068629,0.3036757445946993,0.9,-513.1575757575757
HARYANA,REWARI,5495.478796268197,0.8748071013770289,5791.004614979124,0.30915742529975765,0.9,-85.36969696969695
HARYANA,ROHTAK,5309.443826079647,0.8657647343035748,6884.509252584726,0.3064992828990117,0.9,-412.5818181818182
HARYANA,SIRSA,9070.548114428419,0.8779993398261233,9641.026766676194,0.3098564958929307,0.9,-123.36363636363635
HARYANA,SONIPAT,7438.13583652313,0.8676547086742259,10138.939235123358,0.3071821435446875,0.9,-691.0424242424244
HARYANA,YAMUNA NAGAR,8483.880406391954,0.8757212208255039,9448.868397261707,0.30938891703589977,0.9,-143.26666666666668
HARYANA,YAMUNANAGAR,45.49901960784314,0.7678223084800211,46.361116023495335,0.4059957025897954,0.8,26.01818181818182
HIMACHAL PRADESH,BILASPUR,1426.5901110575128,0.8734910567741345,1601.4642460336022,0.30871517311075014,0.9,110.32121212121213
HIMACHAL PRADESH,CHAMBA,2427.861583803038,0.8774924700511082,3219.142434517249,0.30973268768029716,0.9,259.8
HIMACHAL PRADESH,HAMIRPUR,1430.0296942894927,0.8725794229576553,1621.8498315940203,0.3085965432808968,0.9,218.34545454545457
HIMACHAL PRADESH,KANGRA,5808.830198094149,0.8762661786044268,7180.378844778496,0.3095121243088622,0.9,625.939393939394
HIMACHAL PRADESH,KINNAUR,263.09813438195795,0.8777610963388238,296.95346945357016,0.30960952560640836,0.9,56.115151515151524
HIMACHAL PRADESH,KULLU,1172.010528810237,0.8697433083755748,1651.1886594775506,0.30726962461195007,0.9,219.12121212121212
HIMACHAL PRADESH,LAHAUL AND SPITI,6.2333333333333325,0.37172976011994,8.854168300653443,0.4803774039953112,0.4,4.7696969696969695
HIMACHAL PRADESH,LAHUL & SPITI,18.475892857142856,0.47770626432391133,27.9988902493324,0.5039508755580827,0.5,30.715151515151515
HIMACHAL PRADESH,LAHUL AND SPITI,28.80887445887446,0.576649838920064,40.8823915567084,0.4968964991662992,0.6,32.666666666666664
HIMACHAL PRADESH,MANDI,4116.3072049255,0.8750672578371557,4747.267306638276,0.3091074595108825,0.9,154.76969696969698
HIMACHAL PRADESH,SHIMLA,2536.609042487238,0.8784116016092163,2969.312591782032,0.3099144074035436,0.9,332.3818181818182
HIMACHAL PRADESH,SIRMAUR,3167.0108794065063,0.8687606464758714,3770.7046865383427,0.30799122042304516,0.9,-297.43636363636364
HIMACHAL PRADESH,SOLAN,2164.3577693242773,0.8777265304602366,2376.008247680109,0.3097932657035918,0.9,153.66060606060606
HIMACHAL PRADESH,UNA,1941.729871533294,0.8774402948564279,2166.5995036712966,0.3096885912674245,0.9,200.9757575757576
JAIPUR,NEAR MEERA HOSPITAL,0.2,0.06666666666666667,0.6324555320336759,0.21081851067789195,0.1,0.1090909090909091
JAMMU & KASHMIR,ANANTNAG,1.1333333333333333,0.2651082251082251,1.96387120846984,0.35982097888778,0.4,0.8848484848484849
JAMMU & KASHMIR,BADGAM,1.1666666666666667,0.2925,1.6043921197992945,0.38006761094427516,0.4,0.6242424242424243
JAMMU & KASHMIR,BANDIPUR,0.1,0.05,0.31622776601683794,0.15811388300841897,0.3,0.1272727272727273
JAMMU & KASHMIR,BARAMULA,1.424040404040404,0.3065691720325341,1.983662071204013,0.3977011253734384,0.4,8.321212121212122
JAMMU & KASHMIR,DODA,0.7666666666666666,0.195,1.4744741686696565,0.33036175457956524,0.3,0.40606060606060607
JAMMU & KASHMIR,JAMMU,3.3962698412698415,0.34395426153330366,6.044233014162083,0.4454614861121313,0.4,18.2969696969697
JAMMU & KASHMIR,KARGIL,0.7166666666666667,0.20892857142857144,1.1968322386230275,0.33777336287990767,0.4,0.6
JAMMU & KASHMIR,KATHUA,4.133333333333334,0.35745098039215684,6.1947807581846925,0.46238658982703795,0.4,4.187878787878788
JAMMU & KASHMIR,KUPWARA,0.6900000000000001,0.1476190476190476,1.8752481317296534,0.28077745428716105,0.4,0.7696969696969697
JAMMU & KASHMIR,LEH (LADAKH),1.3833333333333333,0.2684920634920635,2.2416511771459895,0.3831524598749021,0.4,0.6848484848484849
JAMMU & KASHMIR,PULWAMA,0.13333333333333333,0.09166666666666666,0.21942686286812776,0.1493297783968401,0.3,0.30909090909090914
JAMMU & KASHMIR,PUNCH,0.85,0.25666666666666665,1.3343745934165396,0.3392256978385837,0.4,0.45454545454545453
JAMMU & KASHMIR,RAJAURI,1.65,0.30990196078431376,2.5391380864817537,0.40347089999260577,0.4,1.303030303030303
JAMMU & KASHMIR,SRINAGAR,1.5,0.3132467532467532,2.0,0.4052969124316471,0.4,1.1454545454545455
JAMMU & KASHMIR,UDHAMPUR,0.75,0.25166666666666665,1.0865337342004415,0.33058589963432655,0.4,0.503030303030303
JAMMU AND KASHMIR,?,0.1,0.05,0.31622776601683794,0.15811388300841897,0.1,0.04242424242424243
JAMMU AND KASHMIR,ANANTNAG,4322.507003982435,0.8620497159690444,5065.560696507358,0.30757360051469007,0.9,330.7818181818182
JAMMU AND KASHMIR,BADGAM,1308.5308543258545,0.8462365295195668,1940.9693111348324,0.3054691068090928,0.9,98.23030303030305
JAMMU AND KASHMIR,BANDIPORE,2105.2641454550567,0.8559562524047521,2580.913965245566,0.30657854147731506,0.9,13.854545454545447
JAMMU AND KASHMIR,BANDIPUR,0.1,0.05,0.31622776601683794,0.15811388300841897,0.1,0.05454545454545455
JAMMU AND KASHMIR,BARAMULA,4601.037208601239,0.866022664652452,6222.345758132138,0.3068171184122506,0.9,50.34545454545457
JAMMU AND KASHMIR,BUDGAM,2796.8094657837855,0.8745002898848199,3091.7539821275927,0.30908946759489414,0.9,-335.4181818181818
JAMMU AND KASHMIR,DODA,1995.1483400856764,0.8271485650695812,2713.0376549221146,0.30137097574711535,0.9,336.72121212121215
JAMMU AND KASHMIR,GANDERBAL,1095.9030798341357,0.8629024928734765,1291.9653233554207,0.307775686952311,0.9,98.9939393939394
JAMMU AND KASHMIR,JAMMU,5810.826958208152,0.8728260200923168,8014.32976471254,0.3086223661858787,0.9,449.6242424242424
JAMMU AND KASHMIR,KARGIL,168.04878772947282,0.8402523263391792,254.16809194678228,0.3034642862564884,0.9,81.06666666666668
JAMMU AND KASHMIR,KATHUA,3318.3212366613543,0.8610977744454352,3716.8355137738267,0.30653187748687316,0.9,116.27878787878788
JAMMU AND KASHMIR,KISHTWAR,1747.8986229767015,0.8477354326345944,1885.8485656304674,0.30543214477654074,0.9,-44.56363636363636
JAMMU AND KASHMIR,KULGAM,2461.64233526547,0.8627919425197825,2751.060887154527,0.3072081440917919,0.9,-237.0787878787879
JAMMU AND KASHMIR,KUPWARA,6162.296798782358,0.8657452946343627,7003.5732973527265,0.3076407701940353,0.9,-576.3272727272727
JAMMU AND KASHMIR,LEH,148.72090379477464,0.8663736244917294,220.4142933561148,0.30695135726469,0.9,44.46666666666667
JAMMU AND KASHMIR,POONCH,0.4,0.125,0.9660917830792959,0.27003086243366087,0.2,0.18181818181818182
JAMMU AND KASHMIR,PULWAMA,2613.237861093866,0.8672250043276547,2823.552766252714,0.30892775050145577,0.9,471.87272727272733
JAMMU AND KASHMIR,PUNCH,3094.2797964942565,0.8649288892207814,4686.345791959677,0.30667412838606856,0.9,-94.39999999999999
JAMMU AND KASHMIR,RAJOURI,3508.9919308445,0.8705388252559079,4346.604530560832,0.30843679694304105,0.9,335.5030303030303
JAMMU AND KASHMIR,RAMBAN,1612.1874973656913,0.8600153528319543,1796.2606534680972,0.3071408620641086,0.9,453.64242424242417
JAMMU AND KASHMIR,REASI,1884.808456748108,0.8503989612224834,2329.5205621296504,0.30550920828822026,0.9,-75.60606060606061
JAMMU AND KASHMIR,SAMBA,831.7400815913082,0.8708313296581245,914.1652577758284,0.30832303770422503,0.9,65.73939393939395
JAMMU AND KASHMIR,SHOPIAN,0.0,0.0,0.0,0.0,0.1,-2.496969696969698
JAMMU AND KASHMIR,SHUPIYAN,1373.9030143875732,0.8736989421198116,1602.3191104924408,0.308751411767641,0.9,-17.9030303030303
JAMMU AND KASHMIR,SRINAGAR,4818.52230295052,0.8770905012845779,5607.729591107953,0.3101132652116198,0.9,1200.9212121212122
JAMMU AND KASHMIR,UDHAMPUR,3737.6226373105796,0.8586522985204956,4462.0899783105215,0.3062986911646803,0.9,-183.92727272727274
JHARKHAND,BOKARO,10340.683217489526,0.8703099097744147,13893.66388276252,0.3082580564772471,0.9,-829.8909090909092
JHARKHAND,BOKARO *,0.25,0.13333333333333333,0.42491829279939874,0.2194268628681278,0.4,0.1878787878787879
JHARKHAND,CHATRA,4484.892078706385,0.8494894870107608,9121.764819522154,0.3018606560015041,0.9,-113.20000000000002
JHARKHAND,DEOGHAR,2256.828716860716,0.8441856166627252,3485.0723333632945,0.3030448002731231,0.9,-597.0787878787879
JHARKHAND,DHANBAD,13810.661250887837,0.8562071175742689,24547.484055274937,0.30496867821853124,0.9,-2302.6363636363635
JHARKHAND,DUMKA,4834.852766920109,0.859209071265829,12589.919897556443,0.30461752184360685,0.9,-1024.3333333333333
JHARKHAND,EAST SINGHBHUM,7399.5517350055015,0.8619322331362996,14103.853704450576,0.30595632270034867,0.9,-906.7939393939395
JHARKHAND,EAST SINGHBUM,0.0,0.0,0.0,0.0,0.1,-8.76969696969697
JHARKHAND,GARHWA,7703.08272060539,0.8626921988254823,9474.397405500444,0.30709172238916516,0.9,-123.34545454545459
JHARKHAND,GARHWA *,359.49411998057076,0.8636493602487206,402.42138962473825,0.30694302461489265,0.9,58.49090909090909
JHARKHAND,GIRIDIH,13037.40840629087,0.837314665109985,26687.020554898292,0.3015710048581723,0.9,-2214.715151515152
JHARKHAND,GODDA,5620.595607623939,0.8684647241039609,10190.770518300043,0.30779158870729306,0.9,-265.7151515151515
JHARKHAND,GUMLA,4934.4432499711265,0.8556555081898674,8233.048160083048,0.3035404274292544,0.9,356.87272727272733
JHARKHAND,HAZARIBAG,866.1247663347846,0.8734841016125635,1386.85893256819,0.3089431483283815,0.9,9.442424242424247
JHARKHAND,HAZARIBAGH,6668.57748516997,0.8597944527563263,12577.322079516895,0.30635659110572816,0.9,-583.0000000000001
JHARKHAND,JAMTARA,3927.3108075425007,0.8519176980873981,5803.360211822895,0.3059579001690706,0.9,-176.6787878787879
JHARKHAND,KHUNTI,2419.770164542188,0.8628115684407385,4428.201020397598,0.3048490935168109,0.9,-133.64848484848486
JHARKHAND,KODARMA,405.3643597087958,0.866280444936564,479.208157816676,0.30788332274157254,0.9,21.024242424242427
JHARKHAND,KODERMA,3975.2722214332543,0.8465958116806134,5932.491392658807,0.30604334528969684,0.9,-595.0181818181819
JHARKHAND,LATEHAR,4253.974568971245,0.8748248099982339,6453.084501417263,0.3091421976211523,0.9,-100.89090909090912
JHARKHAND,LOHARDAGA,2310.2385872242194,0.8492681138706015,4376.330037304886,0.30156572167212337,0.9,-376.0606060606061
JHARKHAND,PAKAUR,329.5571964202022,0.8647284746789898,586.780572279981,0.3079248918964023,0.9,-27.739393939393942
JHARKHAND,PAKUR,3641.239598978778,0.8088618071184612,9715.197928214853,0.29780200160829823,0.9,-1182.7151515151515
JHARKHAND,PALAMAU,301.17607178464607,0.867191505447604,548.9836239900379,0.30770987835893177,0.9,14.739393939393935
JHARKHAND,PALAMU,13210.613983927484,0.8656457812638578,22957.388329235102,0.30752487027303943,0.9,-1538.8727272727272
JHARKHAND,PASHCHIMI SINGHBHUM,1270.7645508195508,0.8777189934173103,1640.6134520064008,0.3097603098068164,0.9,-56.515151515151516
JHARKHAND,PURBI SINGHBHUM,1455.5269606279749,0.8630685406700953,1595.934443774424,0.3078428847313499,0.9,-37.375757575757575
JHARKHAND,RAMGARH,3988.670336956392,0.8639806673485697,6346.600599358868,0.30750782448543873,0.9,-239.96363636363634
JHARKHAND,RANCHI,9602.620663160687,0.8481706523994591,23392.55630025249,0.3017840342471169,0.9,-2449.4060606060607
JHARKHAND,SAHEBGANJ,6746.865021570435,0.863941724561486,10763.333480720114,0.30730563588983983,0.9,-264.2
JHARKHAND,SAHIBGANJ,178.1002809636438,0.8519399471566487,278.3705667586629,0.306370702289195,0.9,56.53333333333334
JHARKHAND,SERAIKELA-KHARSAWAN,6124.30214653053,0.8687883728149604,7151.3039011869705,0.30788030854357207,0.9,-28.47878787878787
JHARKHAND,SIMDEGA,5478.4505446890635,0.8763597902465247,6385.809695482564,0.3095807616354292,0.9,-624.6242424242425
JHARKHAND,WEST SINGHBHUM,9304.847975396737,0.8664900565776474,13282.79267147513,0.30657003102044883,0.9,-735.339393939394
KARNATAKA,BAGALKOT,7299.70285258689,0.8549583888234317,8974.589837100959,0.305998222281649,0.9,-162.74545454545458
KARNATAKA,BAGALKOT *,84.65927058273189,0.8514719600431373,105.854626119687,0.3041422184590543,0.9,62.95757575757575
KARNATAKA,BALLARI,3897.136135269929,0.8540442292966188,4386.439089429036,0.3063497335389289,0.9,-248.04848484848486
KARNATAKA,BANGALORE,14115.435858551204,0.8750669040916847,15040.032873037704,0.30914915885312055,0.9,191.35151515151514
KARNATAKA,BANGALORE RURAL,4302.038032601313,0.8697103790527141,5684.536208636471,0.3074658376582581,0.9,-49.4242424242424
KARNATAKA,BELAGAVI,7260.739460357846,0.8505933278448676,9258.895119002114,0.30624418222195016,0.9,87.65454545454544
KARNATAKA,BELGAUM,8927.871650140689,0.8690324033645955,11285.078129137371,0.308230867096297,0.9,367.5030303030303
KARNATAKA,BELLARY,4933.486298904706,0.866124308353785,5646.238508194905,0.30775155645285585,0.9,266.93939393939394
KARNATAKA,BENGALURU,22479.094590985653,0.8522760726134019,36948.247117388346,0.3023596187619437,0.9,-1967.7030303030306
KARNATAKA,BENGALURU RURAL,6.85,0.3729755538579068,10.143552960706947,0.481973712581313,0.6,-27.303030303030305
KARNATAKA,BENGALURU SOUTH,20.78467787114846,0.3818806136142001,47.511192875078564,0.49337826633326204,0.4,167.9939393939394
KARNATAKA,BENGALURU URBAN,0.0,0.0,0.0,0.0,0.3,-298.03636363636366
KARNATAKA,BIDAR,5050.108167074927,0.867429970167428,7257.7026959091845,0.30753799553414235,0.9,404.55151515151516
KARNATAKA,BIJAPUR,4361.6668038624,0.8623088986217716,5510.748313911016,0.30737060042845277,0.9,227.8969696969697
KARNATAKA,BIJAPUR(KAR),0.7166666666666666,0.24939393939393942,1.0124228365658292,0.32683612853043653,0.4,0.7212121212121212
KARNATAKA,CHAMARAJANAGAR,83.69561405614157,0.8507188129437079,92.54262801553838,0.30500160374555646,0.9,73.93939393939394
KARNATAKA,CHAMARAJANAGAR *,2.056111111111111,0.32197201303810274,3.1760100949865997,0.41920951107937543,0.4,5.072727272727273
KARNATAKA,CHAMRAJANAGAR,2157.2364490720697,0.8609918969756484,2568.849333425174,0.30711210251537174,0.9,228.4909090909091
KARNATAKA,CHAMRAJNAGAR,78.466028404197,0.8538247305225413,83.86686077705544,0.3043985556467207,0.9,126.65454545454547
KARNATAKA,CHICKMAGALUR,1541.321135688684,0.8722004650363078,1706.045392651763,0.3084677544487547,0.9,193.5151515151515
KARNATAKA,CHIKKABALLAPUR,4319.972154914557,0.8644890340530041,5221.390845094172,0.3073562204865512,0.9,-86.07272727272729
KARNATAKA,CHIKKAMAGALURU,1466.2474450686761,0.8612585022086131,1764.4953634931385,0.30688669854434963,0.9,10.606060606060609
KARNATAKA,CHIKMAGALUR,64.95609422669756,0.8565808562243099,63.071428459833,0.30437089278618285,0.9,44.078787878787885
KARNATAKA,CHITRADURGA,6040.712680600701,0.8651966620705549,6739.456529238511,0.3071744303426514,0.9,135.5090909090909
KARNATAKA,DAKSHINA KANNADA,6751.102237057746,0.8631601329872559,8374.038933793256,0.30698063060480424,0.9,498.03636363636366
KARNATAKA,DAVANAGERE,304.1039699850798,0.8710974935540714,360.5273818984865,0.30802068090385115,0.9,157.22424242424245
KARNATAKA,DAVANGERE,7447.339842745078,0.8644208055842109,8022.414555474882,0.30696096436668024,0.9,-328.0969696969697
KARNATAKA,DHARWAD,8888.488484407553,0.8637186840530046,10306.276479699432,0.3072924618502698,0.9,-724.4909090909092
KARNATAKA,GADAG,3964.985087917629,0.8472965709871545,4930.119333088025,0.3072012755608124,0.9,-106.07272727272728
KARNATAKA,GADAG *,87.95033216892271,0.8575065353473305,101.38665295462604,0.3061380414685017,0.9,25.915151515151518
KARNATAKA,GULBARGA,4236.223685532792,0.8631058389165547,4635.1470904180505,0.30718796275931964,0.9,643.6242424242425
KARNATAKA,HASAN,481.4572570223005,0.8712639314949842,535.3652955758561,0.30816389947073475,0.9,412.6
KARNATAKA,HASSAN,5157.405934812136,0.8709565813050512,5647.216494518027,0.30846452859145934,0.9,-134.73939393939395
KARNATAKA,HAVERI,8311.75174456371,0.8629203062846255,9351.730343864641,0.3069662274955244,0.9,-800.8363636363637
KARNATAKA,HAVERI *,96.50775,0.8620348948095804,149.311988952895,0.30495657599979503,0.9,21.92727272727273
KARNATAKA,KALABURAGI,5692.936876428268,0.8570079981720923,7385.26903207317,0.3048012408702429,0.9,-188.6606060606061
KARNATAKA,KODAGU,1445.722716096357,0.8679943722565495,1635.979486664304,0.30758215407409506,0.9,130.27272727272728
KARNATAKA,KOLAR,6512.250460875559,0.8650544644858089,7332.979618277876,0.307512777480537,0.9,-137.89090909090913
KARNATAKA,KOPPAL,5959.879305103866,0.8544677339728084,6639.14815251024,0.30583604521632324,0.9,-36.81212121212124
KARNATAKA,MANDYA,5974.14573419208,0.8699501349276282,6809.0069273688,0.30806420610592006,0.9,-1.3575757575757468
KARNATAKA,MYSORE,3598.0049673267013,0.8701896296575496,3889.6698887696693,0.3081079510908225,0.9,522.0363636363636
KARNATAKA,MYSURU,3358.0767499711983,0.8558170688233673,5856.758403842121,0.3034232822979348,0.9,-179.0848484848485
KARNATAKA,RAICHUR,6958.594748202714,0.850448098896741,9170.811530161613,0.30463896155448517,0.9,654.7151515151515
KARNATAKA,RAMANAGAR,4446.8837567568,0.8637115500934062,5020.746646342118,0.30779327440691734,0.9,-42.52727272727273
KARNATAKA,RAMANAGARA,0.0,0.0,0.0,0.0,0.1,-1.236363636363636
KARNATAKA,SHIMOGA,1875.4292211670545,0.8646589281591405,2065.9044746335335,0.3070195696303141,0.9,389.32727272727277
KARNATAKA,SHIVAMOGGA,3323.661310904355,0.8664321579939225,4070.432957934065,0.30742944557280233,0.9,-97.89090909090908
KARNATAKA,TUMAKURU,4062.5849562063377,0.8629428685814519,4539.420325068331,0.306983889098638,0.9,-6.4606060606060725
KARNATAKA,TUMKUR,4589.310469210838,0.8743562175996594,5151.34370301589,0.3089889286848403,0.9,359.19393939393944
KARNATAKA,UDUPI,2933.9865928415315,0.8588519649488922,3695.2786995559063,0.30736115152903426,0.9,355.89696969696973
KARNATAKA,UDUPI *,0.4,0.13333333333333333,0.8432740427115678,0.28109134757052257,0.3,0.23030303030303031
KARNATAKA,UTTARA KANNADA,3769.342918796449,0.8630670564887627,4693.086326035847,0.3071372961430821,0.9,213.96969696969697
KARNATAKA,VIJAYANAGARA,2132.2477809705933,0.8438514898707583,2470.0341436111707,0.3052367959491418,0.9,-123.07272727272728
KARNATAKA,VIJAYAPURA,3820.701218795834,0.845447958853845,5869.18954218106,0.3043438452485515,0.9,108.0424242424242
KARNATAKA,YADGIR,4746.079873861324,0.8413425230345553,6438.636085865523,0.3027708898450582,0.9,52.36969696969699
KERALA,ALAPPUZHA,6122.103163494189,0.877148355092921,6522.929568544248,0.30970778208100264,0.9,818.5030303030304
KERALA,ERNAKULAM,7063.035120222511,0.8751410417668021,11639.313753798227,0.3089120593824737,0.9,870.3151515151516
KERALA,IDUKKI,3300.3571674339605,0.8768907397137774,3516.2717146205828,0.3097138004221677,0.9,276.44242424242424
KERALA,KANNUR,6536.501546220491,0.8750851724571553,8461.385585164237,0.30911741892148215,0.9,1369.1515151515152
KERALA,KASARAGOD,5375.858791642561,0.8696463615946632,5670.549873975304,0.3081261163178628,0.9,333.81212121212127
KERALA,KASARGOD,44.90754721117722,0.7607019006334389,55.50679118334509,0.40290430905192415,0.8,140.64242424242423
KERALA,KOLLAM,7217.7443882764055,0.8768653645671141,9309.734613285545,0.30957399050250844,0.9,860.2666666666668
KERALA,KOTTAYAM,5180.571472948737,0.8765542605158878,5603.807020841939,0.309513540835979,0.9,887.9636363636364
KERALA,KOZHIKODE,10907.621525383167,0.8792182179837814,12161.051834464057,0.3101626866324401,0.9,2208.0060606060606
KERALA,MALAPPURAM,13347.789798926504,0.8711085110451731,17993.818326974586,0.30825343051192666,0.9,3597.5636363636368
KERALA,PALAKKAD,11530.273192875915,0.8722863770166022,12323.32193956967,0.30854481103077774,0.9,419.02424242424246
KERALA,PATHANAMTHITTA,4018.320543810575,0.8806532673901485,4323.858153766689,0.3104365184816032,0.9,495.6242424242424
KERALA,THIRUVANANTHAPURAM,6754.31637452918,0.8741529348027536,10954.509785045804,0.3088040671879651,0.9,764.3515151515152
KERALA,THRISSUR,8023.699151820118,0.8736424335560542,10414.71093886384,0.30895850681716297,0.9,1078.9636363636364
KERALA,WAYANAD,2831.735829136888,0.8778333841413499,3247.3615591940265,0.30990464687090513,0.9,152.21818181818185
LADAKH,KARGIL,270.4857201936291,0.833800984697653,459.794748907054,0.30378855047661074,0.9,8.442424242424245
LADAKH,LEH,347.5554813703426,0.876606491173748,622.9341934941948,0.30941620703260997,0.9,-27.757575757575754
LAKSHADWEEP,LAKSHADWEEP,307.981469017094,0.8718008695465409,320.14235686683173,0.30855704554251573,0.9,33.84848484848485
MADANAPALLE,KADIRI ROAD,0.2,0.06666666666666667,0.6324555320336759,0.21081851067789195,0.1,0.1090909090909091
MADHYA PRADESH,AGAR MALWA,1555.8586110383683,0.8189990781689758,1692.445322565664,0.3067128744669728,0.9,90.24242424242425
MADHYA PRADESH,ALIRAJPUR,1243.2865918527248,0.8239246729826126,3875.8662689372736,0.2948496541179526,0.9,-296.28484848484845
MADHYA PRADESH,ANUPPUR,6770.503143775616,0.8566858990638451,7293.676204107719,0.306801450267462,0.9,-766.6606060606061
MADHYA PRADESH,ASHOK NAGAR,5164.471493793884,0.8495126978871406,8312.721989806916,0.30450727944954453,0.9,-1258.8060606060606
MADHYA PRADESH,ASHOKNAGAR,0.0,0.0,0.0,0.0,0.2,-28.769696969696973
MADHYA PRADESH,BALAGHAT,11697.736071568317,0.8579454880385269,15247.027093700815,0.30629288048732767,0.9,-1438.7575757575758
MADHYA PRADESH,BARWANI,3231.751908571877,0.8154259487579691,10182.980535603852,0.29192051562427673,0.9,-2903.1454545454544
MADHYA PRADESH,BETUL,7363.4151413878935,0.8593844621103435,12178.646805242477,0.30531760551789194,0.9,-684.4606060606061
MADHYA PRADESH,BHIND,28.70188605156103,0.8172076689171565,62.48714194842501,0.29064065025119984,0.9,25.381818181818208
MADHYA PRADESH,BHOPAL,7246.402290104452,0.8542624453592976,15263.588652863733,0.30377271195358047,0.9,-688.3515151515152
MADHYA PRADESH,BURHANPUR,974.7353136735459,0.8160344851456462,3056.261220968341,0.28993301864881715,0.9,-417.1575757575758
MADHYA PRADESH,CHHATARPUR,4547.010996129029,0.8284732166864025,14328.634948846857,0.2964405762085287,0.9,-1613.387878787879
MADHYA PRADESH,CHHINDWARA,15240.152103484823,0.8532810952128683,16261.049246277029,0.3063175976731868,0.9,-991.0787878787879
MADHYA PRADESH,DAMOH,13682.208771879199,0.8572441822380158,14986.553528500144,0.30638205645704436,0.9,-2090.745454545455
MADHYA PRADESH,DATIA,3182.7732316046504,0.8386122997249043,5297.557583563316,0.30101185639958855,0.9,-136.72727272727275
MADHYA PRADESH,DEWAS,4180.908342201366,0.8377749715138011,8868.944214176036,0.301071727977088,0.9,-492.04848484848486
MADHYA PRADESH,DHAR,6939.155317906989,0.8413548198482619,14602.964635241187,0.3007317779582909,0.9,-1557.551515151515
MADHYA PRADESH,DINDORI,8262.028049315802,0.8613069856421273,8841.845527147678,0.3067062614275029,0.9,-1385.078787878788
MADHYA PRADESH,EAST NIMAR,2335.285800856501,0.8307958497353336,3059.995247891499,0.3028278969392923,0.9,-40.745454545454535
MADHYA PRADESH,GUNA,7622.255244953298,0.8411789162168836,12496.426852776633,0.3021467517214236,0.9,-1484.4242424242425
MADHYA PRADESH,GWALIOR,21.771527310970402,0.8227791407257816,30.131490429815617,0.2933423550476073,0.9,-567.230303030303
MADHYA PRADESH,HARDA,3363.3281046808906,0.8483394636834483,3586.3375629232537,0.30535122148648447,0.9,-402.71515151515155
MADHYA PRADESH,HARDA *,759.7849227166388,0.8539138680906516,825.117592896431,0.3062292068483813,0.9,-41.163636363636364
MADHYA PRADESH,HOSHANGABAD,5730.372478455081,0.8448003976439855,7419.234950432328,0.3045519922864881,0.9,-550.030303030303
MADHYA PRADESH,INDORE,4828.280787788711,0.8477067358071434,15177.810013801329,0.301636571816791,0.9,-705.5515151515151
MADHYA PRADESH,JABALPUR,8662.550809726765,0.8555607885594287,14304.50578526032,0.30540133029344985,0.9,163.16363636363636
MADHYA PRADESH,JHABUA,2170.2630258640647,0.8131167536186552,6834.294786582154,0.2907932395169494,0.9,-342.8363636363636
MADHYA PRADESH,KATNI,1604.850503183899,0.835499427061848,4948.4063305859945,0.30126837512265003,0.9,247.09696969696972
MADHYA PRADESH,KHANDWA,2082.403176043099,0.8414640917154703,4379.315234999644,0.30058912145038647,0.9,-470.3939393939394
MADHYA PRADESH,KHARGONE,3247.170846629463,0.834416079813912,10208.14133697783,0.2978546214072472,0.9,-1685.5030303030305
MADHYA PRADESH,MAIHAR,152.00962632105293,0.7557883963998873,313.380933552662,0.40148272573360155,0.8,114.2666666666667
MADHYA PRADESH,MANDLA,8393.382936939397,0.8488911816933546,8874.677101866206,0.3053783201340642,0.9,-1060.69696969697
MADHYA PRADESH,MANDSAUR,10166.849669409288,0.8351319016786558,11563.003774197266,0.3068115678078724,0.9,-1173.8727272727274
MADHYA PRADESH,MAUGANJ,120.77549893692417,0.7527273302115529,299.0960943579158,0.4002045557829381,0.8,110.24848484848485
MADHYA PRADESH,MORENA,5341.863955369397,0.8170618205540434,16860.26002394796,0.29174133167020533,0.9,-2538.939393939394
MADHYA PRADESH,NARMADAPURAM,707.8656282178192,0.8485059497345402,772.4423310848968,0.30611318348651273,0.9,47.296969696969704
MADHYA PRADESH,NARSIMHAPUR,656.8447291564593,0.8483944765986914,718.2804134043163,0.3057039685229405,0.9,164.96363636363637
MADHYA PRADESH,NARSINGHPUR,3941.2245912190483,0.851033660258194,5097.929326618914,0.30494860452375677,0.9,-17.96363636363634
MADHYA PRADESH,NEEMUCH,6291.823746725748,0.8427786201766612,6765.358906958016,0.30570383276058544,0.9,-448.07878787878786
MADHYA PRADESH,NIWARI,233.31849624060152,0.8658548867509172,275.8231794772151,0.30722594377698986,0.9,-5.381818181818183
MADHYA PRADESH,PANDHURNA,13.25793665158371,0.46044815858559457,26.07126777280858,0.4872806077598171,0.5,45.46666666666666
MADHYA PRADESH,PANNA,4126.245042566401,0.8308280382743115,8902.551708402636,0.3036295020907722,0.9,-1119.5939393939393
MADHYA PRADESH,RAISEN,8201.985721112173,0.8526322657294862,10671.023578834296,0.30489267499640765,0.9,-806.0363636363636
MADHYA PRADESH,RAJGARH,14876.562487746487,0.8526512240291886,15974.208748960631,0.30553721922289917,0.9,-1979.078787878788
MADHYA PRADESH,RATLAM,14000.036276994719,0.8533622495960754,15610.538378873798,0.3072340258229874,0.9,-402.32727272727266
MADHYA PRADESH,REWA,17325.0572529214,0.8617431266587395,18651.535293753495,0.30679938512024885,0.9,-1368.1272727272728
MADHYA PRADESH,SAGAR,7430.957322606149,0.8475371141299994,15694.00058964861,0.30341014538443745,0.9,-1620.2121212121212
MADHYA PRADESH,SATNA,9316.437908098482,0.852295692056447,15406.58247314864,0.30469062974832545,0.9,-777.5636363636363
MADHYA PRADESH,SEHORE,7814.227777679332,0.8531572047846483,10204.356354459658,0.30360570375344853,0.9,-907.969696969697
MADHYA PRADESH,SEONI,10968.298621614154,0.8560465603299827,12292.068031957864,0.3060080225820969,0.9,-1403.0424242424242
MADHYA PRADESH,SHAHDOL,9809.874438247296,0.860687372280443,10800.592043659155,0.30647237099973573,0.9,-842.4
MADHYA PRADESH,SHAJAPUR,10942.995760068945,0.8480149178110612,11741.563299197793,0.30525413066728696,0.9,-1079.121212121212
MADHYA PRADESH,SHEOPUR,2698.5329837721156,0.8282226689261648,5727.088996422001,0.2960559730521909,0.9,-671.2969696969698
MADHYA PRADESH,SHIVPURI,6174.847239822612,0.84160299193453,14095.066637835209,0.30088520866109214,0.9,-1397.521212121212
MADHYA PRADESH,SIDHI,12157.24863660699,0.856162551840203,13600.281051466636,0.30611857743114695,0.9,-1948.2424242424242
MADHYA PRADESH,SINGRAULI,11411.019239005815,0.8536754671682989,12749.99749776055,0.3055714069720798,0.9,-1482.6060606060605
MADHYA PRADESH,TIKAMGARH,14952.358152600758,0.8564579765286666,16493.671335832325,0.3060618875848266,0.9,-1936.5454545454545
MADHYA PRADESH,UJJAIN,13220.262455998745,0.8447583846664319,14387.226604745963,0.30549861180001076,0.9,386.53939393939396
MADHYA PRADESH,UMARIA,4089.8223219021793,0.8338279751401709,4888.71259400427,0.3048881636456957,0.9,-89.27272727272728
MADHYA PRADESH,VIDISHA,3959.16187428743,0.8472782448668253,8347.250924903303,0.30153971651220407,0.9,-351.24242424242425
MADHYA PRADESH,WEST NIMAR,631.5406470968771,0.8488130319213365,682.2557709008165,0.30560461305182013,0.9,63.54545454545455
MAHARASHTRA,AHILYANAGAR,17.392857142857142,0.09942833809718252,55.00104358935717,0.31442001235238887,0.1,133.52727272727273
MAHARASHTRA,AHMADNAGAR,17046.702661083415,0.8868078219453759,23085.215039979437,0.31211762836852797,0.9,9136.703030303031
MAHARASHTRA,AHMED NAGAR,152.72022754787037,0.882828680648698,167.80338075677952,0.31080685360165755,0.9,374.83636363636367
MAHARASHTRA,AHMEDNAGAR,0.0,0.0,0.0,0.0,0.1,-2.2303030303030296
MAHARASHTRA,AKOLA,9211.200241336266,0.8839428083148771,12866.896734490449,0.3111556403547447,0.9,1391.3151515151515
MAHARASHTRA,AMRAVATI,12024.78536438398,0.8865491070951812,20215.133810783227,0.3118568734501122,0.9,2379.666666666666
MAHARASHTRA,AURANGABAD,7313.411839887604,0.8693399570712735,15420.913653487361,0.30702218676327686,0.9,4216.636363636364
MAHARASHTRA,BEED,5367.189096124,0.8782830152191297,16843.646930115738,0.3090072461886504,0.9,2989.157575757576
MAHARASHTRA,BHANDARA,6011.2949931027115,0.8900034630138045,6564.214117036769,0.31303697064714825,0.9,1105.5333333333333
MAHARASHTRA,BID,333.66464044336306,0.7835922656856446,506.1175784332951,0.413765285144792,0.8,684.2060606060606
MAHARASHTRA,BULDANA,1516.6148869436624,0.886937883364396,1608.8289250031457,0.3124498272553003,0.9,1299.2424242424242
MAHARASHTRA,BULDHANA,6762.24961788608,0.8824768101596829,11716.03669574662,0.3106152253172252,0.9,4637.618181818181
MAHARASHTRA,CHANDRAPUR,6056.882720226129,0.8868839285973997,12764.350836235451,0.31197163002976686,0.9,3723.1030303030307
MAHARASHTRA,CHATRAPATI SAMBHAJI NAGAR,629.8588230619824,0.8720302832973212,1053.050698414692,0.3086424434660786,0.9,-28.684848484848487
MAHARASHTRA,CHHATRAPATI SAMBHAJINAGAR,496.68343528378057,0.8688992830531588,646.6091867973914,0.3084545910346962,0.9,459.6060606060606
MAHARASHTRA,DHARASHIV,53.67208706022659,0.8723025310312211,48.710465715758374,0.3075443009592292,0.9,130.40606060606063
MAHARASHTRA,DHULE,4638.194167544816,0.8612526435701684,9812.408789957572,0.3050793105609666,0.9,1808.5151515151515
MAHARASHTRA,DIST : THANE,0.1,0.05,0.31622776601683794,0.15811388300841897,0.1,0.05454545454545455
MAHARASHTRA,GADCHIROLI,7556.305637626547,0.8898927045612599,8174.048992636828,0.3131950836061288,0.9,2499.09696969697
MAHARASHTRA,GONDIA,24.651190476190475,0.39048115377367837,36.869887964448175,0.5042567132661849,0.4,71.33939393939394
MAHARASHTRA,GONDIYA,6079.387332013165,0.8869754399189469,6675.3820018819715,0.31231066142447506,0.9,1937.9636363636364
MAHARASHTRA,GONDIYA *,23.907878787878786,0.3913080813967332,34.5729348788932,0.5052625426317546,0.4,133.75151515151515
MAHARASHTRA,HINGOLI,1884.6596434866074,0.8582099941066982,5859.524776733366,0.30503433647807116,0.9,3453.975757575758
MAHARASHTRA,HINGOLI *,1.0,0.27999999999999997,1.4142135623730951,0.3635218674965072,0.4,0.43030303030303035
MAHARASHTRA,JALGAON,11133.502858398377,0.88083917658636,23421.312009532157,0.31015395334681733,0.9,4473.260606060606
MAHARASHTRA,JALNA,11571.12483308961,0.8853088188712999,13081.661605993126,0.31179994572729675,0.9,2739.6
MAHARASHTRA,KOLHAPUR,17168.396011956782,0.8862731868016904,18462.94726541384,0.311956515478265,0.9,3652.0
MAHARASHTRA,LATUR,8922.308701280084,0.880397766839646,18792.871898014346,0.31006780948604323,0.9,1391.9939393939394
MAHARASHTRA,MUMBAI,19409.165215800404,0.8789049922894391,25725.076138927263,0.3098739710822516,0.9,4523.139393939394
MAHARASHTRA,MUMBAI CITY,4723.040009752837,0.8763133760194682,5643.59626409378,0.30955926658148986,0.9,557.630303030303
MAHARASHTRA,MUMBAI SUBURBAN,8392.904761459571,0.8583654871019009,19785.50309942299,0.3034869748214043,0.9,1830.8060606060608
MAHARASHTRA,MUMBAI( SUB URBAN ),39.52629243029644,0.5763798019008449,69.5959883995823,0.49660669573657085,0.6,345.9333333333334
MAHARASHTRA,NAGPUR,11884.782615921979,0.880051152048732,25439.38699204797,0.3098375764270412,0.9,2141.0424242424247
MAHARASHTRA,NANDED,6268.480710550451,0.8795933779787658,19673.437745712123,0.3095891307052506,0.9,7617.951515151516
MAHARASHTRA,NANDURBAR,5050.927200382563,0.8654339338170971,10674.713703012128,0.3060115091481529,0.9,328.24848484848485
MAHARASHTRA,NANDURBAR *,7.656079265562025,0.3736171740806017,11.184749698126264,0.48318125962099967,0.4,87.8
MAHARASHTRA,NASHIK,20974.24141700338,0.8792579566313524,35789.140962660655,0.3098306557317313,0.9,8153.503030303032
MAHARASHTRA,OSMANABAD,9344.987561276042,0.8858229863088896,12792.536714084248,0.31184809034755906,0.9,2284.060606060606
MAHARASHTRA,PALGHAR,4035.298167185597,0.8673903333249259,12668.701925842293,0.3057091233646937,0.9,2499.236363636364
MAHARASHTRA,PARBHANI,5021.856794588732,0.8826962011507004,10593.746322630728,0.3107030241522989,0.9,3236.418181818182
MAHARASHTRA,PUNE,14821.028060273942,0.8748383882903052,46269.553316725025,0.3084246329651604,0.9,7573.727272727273
MAHARASHTRA,RAIGAD,1616.340678653863,0.8445374382309035,2630.406371958097,0.3043753484111073,0.9,313.2545454545455
MAHARASHTRA,RAIGARH,9232.169593180124,0.8851758901573475,10387.82538625046,0.31173752385865644,0.9,3216.8727272727274
MAHARASHTRA,RAIGARH(MH),7.220967741935484,0.37004975122419737,11.691534989192602,0.47867851285500823,0.4,56.721212121212126
MAHARASHTRA,RATNAGIRI,6700.518311546191,0.89136222687397,7260.612801492085,0.3133918278705562,0.9,2864.7818181818184
MAHARASHTRA,SANGLI,5292.273256037384,0.8791252243234983,11492.211886272624,0.3095163544154143,0.9,3611.775757575758
MAHARASHTRA,SATARA,3360.9505751052725,0.8844630646513544,10455.260530358122,0.31092191826861815,0.9,3527.6666666666665
MAHARASHTRA,SINDHUDURG,2441.463663365425,0.8903110905004334,2753.1886198194907,0.31310109821073945,0.9,1222.4909090909093
MAHARASHTRA,SOLAPUR,10634.67071525333,0.8823738451419454,23555.936325622693,0.3104415186779703,0.9,7993.484848484848
MAHARASHTRA,THANE,282.5986781574176,0.8613012373028883,829.8856009542129,0.3034775685550463,0.9,6935.163636363637
MAHARASHTRA,WARDHA,6936.604502951804,0.890315410640625,7687.592421831612,0.31315337549678807,0.9,1257.478787878788
MAHARASHTRA,WASHIM,4399.839435350276,0.8849579847042192,7250.359732178467,0.311264657929565,0.9,2431.6121212121216
MAHARASHTRA,WASHIM *,27.991363636363637,0.38838818254041607,59.42548800519562,0.5015534610205769,0.4,75.05454545454546
MAHARASHTRA,YAVATMAL,12415.28038781273,0.8863334291169125,21531.323853232083,0.31177584906905215,0.9,6959.775757575758
MANIPUR,BISHNUPUR,1822.0410597831938,0.8781598989849823,3333.5614900700953,0.3106147657546944,0.9,1426.8909090909094
MANIPUR,CHANDEL,644.0447735155497,0.8643908456505536,906.4811218189293,0.31058487719150235,0.9,227.0
MANIPUR,CHURACHANDPUR,785.9562123427623,0.7786928644751763,2013.5068159053799,0.2987670154246252,0.9,379.1575757575757
MANIPUR,IMPHAL EAST,3493.1960915843715,0.8916972737651274,6812.377502492077,0.3136016692773521,0.9,2624.09696969697
MANIPUR,IMPHAL WEST,3233.8066712605587,0.8882531454888266,6098.5575431695825,0.31242128572101063,0.9,2686.9272727272732
MANIPUR,JIRIBAM,175.34488958410012,0.8736140894561929,197.9994723385475,0.3085875455214366,0.9,32.72727272727273
MANIPUR,KAKCHING,136.73621794871795,0.8856095488494157,231.99226811632576,0.3113271699781962,0.9,128.40606060606063
MANIPUR,KANGPOKPI,0.3,0.075,0.9486832980505139,0.23717082451262847,0.1,0.16363636363636364
MANIPUR,PHERZAWL,7.3625,0.3405034154012482,11.969644766380217,0.4567364581532232,0.4,7.775757575757576
MANIPUR,SENAPATI,1625.9882834384493,0.8762141392180013,2181.7388318167023,0.3104028609284304,0.9,791.5939393939393
MANIPUR,TAMENGLONG,580.2942125304049,0.8583413391603733,757.8903305714449,0.30821825334196074,0.9,312.3212121212121
MANIPUR,THOUBAL,3371.9524360140194,0.8938017560445866,6038.147610777886,0.31416014022576555,0.9,2520.7515151515154
MANIPUR,UKHRUL,1000.7416879349612,0.8760739095365272,1360.2736368944575,0.3102560742835673,0.9,463.47272727272724
MEGHALAYA,EAST GARO HILLS,361.96007405892203,0.5200175861015021,1134.2333535737698,0.34959528345908536,0.9,-213.0727272727273
MEGHALAYA,EAST JAINTIA HILLS,159.5950237823946,0.5085991376150402,494.8890652115118,0.3720290113295269,0.9,-66.12727272727274
MEGHALAYA,EAST KHASI HILLS,4.573356531192766,0.53357032491164,8.596125996819676,0.3099761354901843,0.9,-488.90909090909093
MEGHALAYA,EASTERN WEST KHASI HILLS,0.3380709454218655,0.16529725252192212,0.5362933330080761,0.2448186966639048,0.4,49.38181818181818
MEGHALAYA,JAINTIA HILLS,2.58,0.32333333333333336,4.52985160414285,0.4234285785689294,0.4,1.121212121212121
MEGHALAYA,KAMRUP,0.0,0.0,0.0,0.0,0.1,-0.8666666666666669
MEGHALAYA,NORTH GARO HILLS,173.73880614738718,0.5784887475370583,513.8356809134619,0.35253581992776795,0.9,-56.82424242424243
MEGHALAYA,RI BHOI,7.481896583558578,0.4972974225744169,17.3468215148816,0.3586982770386125,0.9,-130.20606060606062
MEGHALAYA,SOUTH GARO HILLS,237.97579874937347,0.45042036318164413,742.4737477944335,0.358992137966201,0.9,-130.32727272727274
MEGHALAYA,SOUTH WEST GARO HILLS,432.62759414697894,0.5950003082464276,1352.9009979357638,0.34456040677997013,0.9,-183.72727272727272
MEGHALAYA,SOUTH WEST KHASI HILLS,386.4907775978986,0.5616244735031601,1214.1465094943078,0.32450891939645127,0.9,-186.95757575757577
MEGHALAYA,WEST GARO HILLS,1046.6179136859946,0.6916246987853196,3297.6892747024535,0.2805939419067414,0.9,-705.1575757575757
MEGHALAYA,WEST JAINTIA HILLS,2.4608146081492555,0.4811814535818845,3.1385746898696483,0.3286059615875129,0.9,-322.55151515151516
MEGHALAYA,WEST KHASI HILLS,2.5720218207781422,0.4856263103081034,3.1287288101381807,0.34217520511228994,0.9,-473.3939393939394
MIZORAM,AIZAWL,3460.053747634937,0.8754034275278169,6710.3704085527515,0.30949152570461397,0.9,-962.0000000000002
MIZORAM,CHAMPHAI,1089.5239808835977,0.832365613616308,3080.5832141812607,0.29696271401634095,0.9,-632.3272727272728
MIZORAM,HNAHTHIAL,4.65,0.3584777183600713,7.753314703331014,0.46379769208286425,0.4,2.521212121212121
MIZORAM,KHAWZAWL,0.6454545454545455,0.22980072463768114,0.9687761963637189,0.31417040116181605,0.4,2.563636363636364
MIZORAM,KOLASIB,1115.6959504825186,0.8637534442142748,1945.0089152528021,0.3067564981410289,0.9,-390.59999999999997
MIZORAM,LAWNGTLAI,797.4929152516663,0.794178030161251,1686.059925761532,0.2907315657543293,0.9,-256.01818181818186
MIZORAM,LUNGLEI,1477.538015771526,0.8501127008601752,3270.0508142584376,0.30185832097938214,0.9,-613.9272727272728
MIZORAM,MAMIT,1038.692520408163,0.869188076280565,1815.4816802658606,0.30818990349050596,0.9,-376.70909090909095
MIZORAM,MAMMIT,267.35753846153847,0.860604757105893,493.9866535922386,0.30588295369598806,0.9,-88.76363636363635
MIZORAM,SAIHA,514.5679622643172,0.7661666219790788,1122.601246780603,0.30594236235071137,0.9,-193.44242424242424
MIZORAM,SAITUAL,10.123809523809523,0.5489219216792746,11.21234944359796,0.4754862872136533,0.6,3.9515151515151516
MIZORAM,SERCHHIP,807.472621625234,0.8789515828323656,1691.9819835830833,0.3099974345694238,0.9,-309.4363636363637
NAGALAND,CHUMUKEDIMA,96.74184669125539,0.8190438046013163,155.25982130597993,0.3242221753090451,0.9,17.854545454545455
NAGALAND,DIMAPUR,592.9819118305581,0.8094605488410433,1817.498980412525,0.2938647390753017,0.9,39.49090909090909
NAGALAND,KIPHIRE,318.76053237437,0.7905655931054384,458.30788157716745,0.3091634784471125,0.9,-26.666666666666668
NAGALAND,KOHIMA,639.5645533670674,0.8284155009088897,1084.0275130964974,0.3028122171393626,0.9,-101.26060606060607
NAGALAND,LONGLENG,130.3323507331193,0.7637394937096965,203.53764651782018,0.32521046914172363,0.9,-21.703030303030303
NAGALAND,MELURI,40.11111111111111,0.3875277705724559,96.53775994216049,0.500546540135948,0.4,40.472727272727276
NAGALAND,MOKOKCHUNG,510.8835279350254,0.8633422764066712,655.4601538598255,0.30818897714714105,0.9,-12.042424242424243
NAGALAND,MON,637.4533160592933,0.8163826345553262,1108.9440482744171,0.30338849268662066,0.9,2.563636363636361
NAGALAND,NIULAND,42.50049019607843,0.6535416499074614,66.94487702682804,0.4558389787902445,0.7,-3.860606060606061
NAGALAND,NOKLAK,41.29349852142505,0.7452825011872409,51.18981578366913,0.32003043080368093,0.9,15.090909090909092
NAGALAND,PEREN,135.91345162746302,0.7386757352223053,392.01354049603435,0.2963433652513274,0.9,-59.24848484848485
NAGALAND,PHEK,501.45031511986537,0.8240736912955742,699.7983897995565,0.30372256264068914,0.9,-108.50303030303031
NAGALAND,SHAMATOR,8.375964353559057,0.3785365936207943,20.871075093501478,0.4220226555178611,0.5,27.078787878787878
NAGALAND,TSEMINYU,15.569999999999999,0.5147732558139535,27.36866934522749,0.45290781116953327,0.6,1.1696969696969697
NAGALAND,TUENSANG,530.2725259694366,0.808060423024805,882.6638960229279,0.30527611157129964,0.9,-36.93333333333333
NAGALAND,WOKHA,528.5223820870688,0.8395740008388926,811.3012210382901,0.3069838895449855,0.9,-124.06060606060606
NAGALAND,ZUNHEBOTO,521.515685685332,0.8366967794918567,768.5008391134428,0.30751888128749627,0.9,-58.00606060606061
NAGPUR,NEAR UDAY NAGAR NIT GARDEN,0.1,0.05,0.31622776601683794,0.15811388300841897,0.1,0.05454545454545455
ODISHA,ANGUL,4754.693252429025,0.8760465708319124,5692.777550232827,0.30960488315644,0.9,140.26060606060608
ODISHA,ANUGAL,1.1,0.275,1.728840330651992,0.36440802663572497,0.4,0.6909090909090909
ODISHA,ANUGUL,74.58795518207282,0.8754821862667793,66.51375217617907,0.30878195256621,0.9,89.40606060606062
ODISHA,BALANGIR,7117.116567729298,0.8657681462135445,8466.583747396027,0.3077426804148441,0.9,-166.53939393939393
ODISHA,BALESHWAR,1220.0205652893178,0.8831431199903527,1336.6153391341795,0.3111266761821478,0.9,311.23636363636365
ODISHA,BALESWAR,7749.401249830136,0.8681791051370007,9782.421043639515,0.30857556561135696,0.9,-15.600000000000012
ODISHA,BALIANTA,0.1,0.05,0.31622776601683794,0.15811388300841897,0.1,0.05454545454545455
ODISHA,BARGARH,5602.70246445956,0.8681506762093159,6756.106124262635,0.30832473759413115,0.9,448.73333333333335
ODISHA,BAUDH,304.92252631578947,0.8769014093989567,338.33915511120875,0.3095917586510016,0.9,11.363636363636363
ODISHA,BHADRAK,7234.24131876237,0.8723220725631554,8900.381856422275,0.308918514977331,0.9,-95.79393939393937
ODISHA,BHADRAK(R),0.1,0.05,0.31622776601683794,0.15811388300841897,0.1,0.05454545454545455
ODISHA,BOUDH,1569.268604958847,0.8707244200499484,1859.6192339042984,0.30876293167385155,0.9,131.45454545454547
ODISHA,CUTTACK,10724.728709441393,0.8748903088902095,12768.625142143506,0.3092942626595937,0.9,-534.3454545454545
ODISHA,DEBAGARH,1204.8268536854646,0.8734123832909357,1441.0443694215087,0.3089499451668178,0.9,55.18181818181818
ODISHA,DHENKANAL,5788.279712799846,0.8776266138678872,6975.2103098214675,0.30995207119764256,0.9,-190.74545454545455
ODISHA,GAJAPATI,4574.0422291319555,0.878369028078527,5842.64793210119,0.3103681307176316,0.9,-374.2909090909091
ODISHA,GANJAM,14941.413270601759,0.8759218750020956,19079.748904561304,0.3095553348497946,0.9,-188.84848484848484
ODISHA,JAGATSINGHAPUR,3305.0933777838436,0.8612641033633821,4110.754348444567,0.3075849083002797,0.9,110.36363636363636
ODISHA,JAGATSINGHPUR,513.458684738631,0.8775446361159677,558.9365762453696,0.30962580115033794,0.9,312.06060606060606
ODISHA,JAJAPUR,4568.872617202365,0.8759456825259017,5424.288232365421,0.3094646915384309,0.9,39.03030303030303
ODISHA,JAJPUR,3229.140959942291,0.8614740357021315,4133.0997519512,0.30676587066507127,0.9,-163.64848484848486
ODISHA,JHARSUGUDA,2110.145754194892,0.8786437903168706,3021.670737754519,0.3101331761858519,0.9,48.60000000000001
ODISHA,KALAHANDI,7685.258155923157,0.8750939234583713,10132.672168472172,0.3093937900578164,0.9,-333.8060606060606
ODISHA,KANDHAMAL,5208.67109245004,0.8723482465499017,6725.7429702349455,0.30929844557572156,0.9,-275.830303030303
ODISHA,KENDRAPARA,6200.208115218851,0.8733031244916207,8331.966963387202,0.3089369301107861,0.9,-77.92727272727274
ODISHA,KENDUJHAR,8692.349720585249,0.8718331498246006,12111.553660205882,0.30875451779021273,0.9,-603.2000000000002
ODISHA,KHORDA,7436.307214657104,0.8712052083175944,8956.997801625199,0.3085323330453824,0.9,-213.23636363636362
ODISHA,KHORDHA,244.9962636490192,0.8766300830367083,325.48795508092985,0.3088983597633773,0.9,286.10303030303027
ODISHA,KORAPUT,8256.626551721316,0.8757642465549571,10666.19902369869,0.30948033581222284,0.9,-622.9272727272728
ODISHA,MALKANGIRI,4034.001163709051,0.8661411986815948,5215.9103658693275,0.3093375317575385,0.9,-337.030303030303
ODISHA,MAYURBHANJ,12387.628397848424,0.8710138482854226,15296.67668808507,0.3091953165971237,0.9,-340.11515151515147
ODISHA,NABARANGAPUR,6527.650053477795,0.8610770266280927,9928.732878912795,0.306407323436307,0.9,-799.721212121212
ODISHA,NABARANGPUR,0.0,0.0,0.0,0.0,0.1,-2.6787878787878796
ODISHA,NAYAGARH,4815.260925963074,0.8755208546285562,5835.095816513875,0.30930141680887435,0.9,-291.89696969696973
ODISHA,NUAPADA,3346.944646320676,0.8760817933595095,3937.2497406711095,0.3097003642628963,0.9,104.33939393939394
ODISHA,PURI,5055.3350070382685,0.8737430483187921,6132.348423997022,0.3090940048598933,0.9,314.49090909090904
ODISHA,RAYAGADA,4826.478383218907,0.8741374114055647,6151.2357938408695,0.30978932230030853,0.9,-86.34545454545453
ODISHA,SAMBALPUR,4113.677929753528,0.8762704147213064,5343.189883434525,0.30954007349885926,0.9,149.24848484848488
ODISHA,SONAPUR,2089.654092266622,0.8708207769529542,2692.3360142852525,0.3090724386039464,0.9,-37.939393939393916
ODISHA,SUBARNAPUR,592.9969491080781,0.8705290174065305,816.583847480556,0.30841906175554745,0.9,-34.09090909090909
ODISHA,SUNDARGARH,960.0382538447053,0.8814124968106322,1028.35520083292,0.3106969029718994,0.9,182.3878787878788
ODISHA,SUNDERGARH,8267.038393661425,0.8726653578726411,10513.338273923495,0.30904882386584015,0.9,-802.2121212121212
ORISSA,ANGUL,0.5,0.18333333333333332,0.8498365855987975,0.2986595567936802,0.3,0.17575757575757578
ORISSA,ANUGUL,2.964204545454545,0.35098015170095836,3.973261008875588,0.4532932488085233,0.4,18.1030303030303
ORISSA,ANUGUL  *,0.1,0.05,0.31622776601683794,0.15811388300841897,0.1,0.04242424242424243
ORISSA,BALANGIR,787.044701754386,0.881353523909857,868.6795598860458,0.31075226658664196,0.9,89.77575757575758
ORISSA,BALESHWAR,164.5691248520994,0.8643433212460359,175.03446693502235,0.3069534629356667,0.9,114.94545454545455
ORISSA,BALESWAR,1.1833333333333333,0.2869047619047619,1.7646214576755235,0.3757268088926247,0.4,0.7757575757575758
ORISSA,BARGARH,52.93136752136752,0.7717063198226584,52.494740619230164,0.40813762306831636,0.8,34.81212121212121
ORISSA,BAUDH,0.4333333333333333,0.20047619047619047,0.6146362971528592,0.26785873015402706,0.4,0.4787878787878788
ORISSA,BHADRAK,322.06359707409285,0.8714547584166448,353.5436485938091,0.3087423299802884,0.9,108.1878787878788
ORISSA,CUTTACK,356.6984686609687,0.8728933587896351,382.8481905552394,0.30865859825927033,0.9,94.63030303030304
ORISSA,DEBAGARH,0.45,0.16999999999999998,0.8242093105845875,0.2830390628713837,0.4,0.7333333333333334
ORISSA,DHENKANAL,87.79334239130435,0.861678457351817,106.00095189559333,0.3054100314051043,0.9,24.921212121212125
ORISSA,GAJAPATI,5.625,0.36727994227994226,8.344367694572323,0.47487177206331244,0.4,5.006060606060607
ORISSA,GANJAM,385.9369088972711,0.8774493677204541,395.74198149747536,0.3096399867249808,0.9,189.84848484848484
ORISSA,JAGATSINGHAPUR,3.185909090909091,0.35396690739258097,4.226714663934791,0.4572003323700385,0.4,12.624242424242425
ORISSA,JAJAPUR,35.561300194058816,0.7494081872098153,39.82773831596206,0.3984398193235427,0.8,28.606060606060606
ORISSA,JAJAPUR  *,0.3,0.11666666666666665,0.6749485577105528,0.24907235301622105,0.2,0.10303030303030304
ORISSA,JHARSUGUDA,3.2267857142857137,0.33450746942402915,5.891751038566847,0.4357131521650647,0.4,8.333333333333334
ORISSA,KALAHANDI,1.2449999999999999,0.27794289044289044,2.2111397262246655,0.36732630709438496,0.4,1.5212121212121215
ORISSA,KANDHAMAL,6.470868347338936,0.37406933972489487,8.955694345947633,0.48318609143060165,0.4,19.012121212121215
ORISSA,KENDRAPARA,3.811181800655485,0.357848709695234,5.554676819520368,0.46237767417914194,0.4,19.939393939393938
ORISSA,KENDRAPARA *,0.0,0.0,0.0,0.0,0.1,0.04242424242424243
ORISSA,KENDUJHAR,13.1525,0.46637988586057116,21.969013689740372,0.4925886631768681,0.5,21.715151515151515
ORISSA,KHORDA,0.6,0.19166666666666665,1.0749676997731399,0.31439241815379804,0.3,0.4909090909090909
ORISSA,KHORDHA,744.6219551852384,0.8731035723484464,854.6543862009457,0.3088083853773489,0.9,160.87878787878788
ORISSA,KHORDHA  *,0.1,0.05,0.31622776601683794,0.15811388300841897,0.1,0.05454545454545455
ORISSA,KORAPUT,58.225438681219615,0.8658699342453751,56.06495004500288,0.30607893478264386,0.9,37.18787878787879
ORISSA,MALKANGIRI,8.063745819397994,0.45462877929629625,13.13966014551835,0.4805231321729553,0.5,15.24848484848485
ORISSA,MAYURBHANJ,1.728333333333333,0.31086595178206317,2.6685878496146818,0.4054886052223832,0.4,5.290909090909092
ORISSA,NABARANGAPUR,1.6666666666666667,0.3,2.5531389540169016,0.39954622787434346,0.4,1.1636363636363638
ORISSA,NAYAGARH,31.25699170326475,0.6702501657861675,39.19415193484248,0.46320441592964834,0.7,52.92727272727273
ORISSA,NUAPADA,0.35,0.10833333333333332,0.9442810316143531,0.24860723150293834,0.3,0.15757575757575762
ORISSA,PURI,179.70602173913045,0.8753112010220228,201.02899779484767,0.30888519367414236,0.9,87.74545454545455
ORISSA,RAYAGADA,85.99016534391534,0.8533384782549414,96.69309847071075,0.30572122469698443,0.9,32.70909090909091
ORISSA,SAMBALPUR,5.797445887445887,0.3699078000211298,8.240655664645256,0.4780597177235813,0.4,14.636363636363637
ORISSA,SONAPUR,2.8,0.3487171052631579,3.7166292972710275,0.4503897068246782,0.4,6.909090909090909
ORISSA,SUBARNAPUR,4.2,0.3485714285714286,6.684143758012524,0.45418492997597787,0.4,2.915151515151515
ORISSA,SUNDARGARH,37.64052939624734,0.6589654175941041,55.66722052513084,0.45671581019092483,0.7,54.357575757575766
ORISSA,SUNDERGARH,0.25,0.1,0.6346477588219923,0.2249828525701843,0.2,0.14545454545454548
PONDICHERRY,CUDDALORE,0.6,0.2,0.9660917830792959,0.3220305943597653,0.3,0.18181818181818182
PONDICHERRY,KARAIKAL,28.57482174688057,0.48056179114387704,57.59013553440369,0.5068552649574266,0.5,128.05454545454546
PONDICHERRY,PONDICHERRY,1178.303009046071,0.8788152712995755,1234.9266708961256,0.31007340976203124,0.9,390.3333333333333
PONDICHERRY,VILUPPURAM,0.8,0.2583333333333333,1.1352924243950933,0.3389571880173689,0.4,0.2787878787878788
PONDICHERRY,YANAM,4.525992063492064,0.3661963337009079,6.060389155838642,0.47289634149537263,0.4,13.103030303030303
PUDUCHERRY,KARAIKAL,824.5952738915888,0.8841692257465488,920.948948516956,0.3113768220406474,0.9,121.78181818181818
PUDUCHERRY,PONDICHERRY,5.4,0.3633099658961728,9.030196257249587,0.46988538125483864,0.4,2.9393939393939394
PUDUCHERRY,PUDUCHERRY,1965.3300403906221,0.8818774438165077,2279.103263399973,0.3107255728301621,0.9,537.2121212121212
PUDUCHERRY,YANAM,9.85,0.3777758620689655,17.829516725549986,0.48795275123273213,0.4,6.709090909090909
PUNJAB,AMRITSAR,3164.176975454271,0.8637401412030379,9684.017547198086,0.3046703983416165,0.9,-1025.6121212121213
PUNJAB,BARNALA,2661.160465383373,0.8816418174623013,3133.8148718291927,0.31082879981976264,0.9,20.193939393939395
PUNJAB,BATHINDA,7355.575406377284,0.8823797533508554,8246.41847994694,0.3109870293253148,0.9,127.50303030303031
PUNJAB,FARIDKOT,3153.3802373540225,0.8840981438257393,3593.1087838918725,0.3114752568192974,0.9,-78.2909090909091
PUNJAB,FATEHGARH SAHIB,2994.341265380763,0.8817328056530686,3595.116019605596,0.3108125410207788,0.9,-21.678787878787865
PUNJAB,FAZILKA,5638.4251304658355,0.8805021824002418,6731.656398764421,0.3105159891686165,0.9,-241.0666666666667
PUNJAB,FEROZEPUR,5226.939146217589,0.8830821911558349,6717.741746337083,0.31117263980497367,0.9,-466.38787878787883
PUNJAB,FIROZPUR,730.1615306031409,0.8860400849936179,886.1175510529647,0.3119446393073926,0.9,168.11515151515152
PUNJAB,GURDASPUR,5165.48839581371,0.8733359207106615,11178.77963055367,0.3079678774161517,0.9,-977.1575757575757
PUNJAB,HOSHIARPUR,2264.4053507318104,0.870523078817518,7061.953974037621,0.3066677556284982,0.9,-564.6848484848485
PUNJAB,JALANDHAR,11170.98934765083,0.8788459200998707,13078.269669336978,0.31022295985300213,0.9,-457.0727272727273
PUNJAB,KAPURTHALA,988.1770409564115,0.8506922136138997,3077.5471050214487,0.2999232795499969,0.9,-47.59393939393941
PUNJAB,LUDHIANA,53.14858815267367,0.8484251485649908,121.32176135081625,0.29932501648216153,0.9,-822.8969696969698
PUNJAB,MALERKOTLA,1837.0321090972152,0.8686634226473711,2708.6993411942663,0.3079539724394413,0.9,-79.31515151515151
PUNJAB,MANSA,5162.892485977491,0.8858505356553847,6019.511862367443,0.31186579267272424,0.9,-491.2848484848485
PUNJAB,MOGA,5121.1507779145595,0.8826209928326089,5650.011024438728,0.31110764520297995,0.9,-196.35757575757577
PUNJAB,MUKTSAR,545.7998376068376,0.8809830123561264,562.8103352247288,0.3107239389923792,0.9,115.30909090909091
PUNJAB,NAWANSHAHR,30.15375960061444,0.4881490467859069,45.90029643790384,0.5146220582697183,0.5,271.7757575757576
PUNJAB,PATHANKOT,2389.7989582269115,0.875551231874085,2664.549166630612,0.30924429979312085,0.9,35.303030303030305
PUNJAB,PATIALA,7943.109947696212,0.874283024221435,12916.578124613094,0.30831749243133133,0.9,-1454.2848484848485
PUNJAB,RUPNAGAR,3558.7150266306903,0.8791932307212758,4010.9767686504265,0.3102627730559197,0.9,-65.05454545454545
PUNJAB,S.A.S NAGAR,0.0,0.0,0.0,0.0,0.2,-7.690909090909091
PUNJAB,S.A.S NAGAR(MOHALI),107.9939929627163,0.7715567531301779,163.6700487490176,0.40787508833659236,0.8,138.1757575757576
PUNJAB,SANGRUR,5142.019492448226,0.881852329655296,7135.823627772332,0.31067075097442887,0.9,102.20606060606057
PUNJAB,SAS NAGAR (MOHALI),6209.867021996839,0.8737669547178977,8454.736799203616,0.30851241364065085,0.9,-209.35757575757577
PUNJAB,SHAHEED BHAGAT SINGH NAGAR,2046.9352441577219,0.8764688365465186,2189.675667797783,0.30975124780118335,0.9,81.52727272727273
PUNJAB,SRI MUKTSAR SAHIB,4693.191660264738,0.8833179302893995,5878.164351404053,0.31133596808875985,0.9,-397.0727272727273
PUNJAB,TARN TARAN,5059.013963990961,0.8739653025314402,6923.639544935445,0.3086275892925501,0.9,-470.2787878787879
PUTTENAHALLI,5TH CROSS,0.1,0.05,0.31622776601683794,0.15811388300841897,0.1,0.05454545454545455
RAJA ANNAMALAI PURAM,NEAR DHYANA ASHRAM,0.1,0.05,0.31622776601683794,0.15811388300841897,0.1,0.05454545454545455
RAJASTHAN,AJMER,10297.67959183873,0.8575511688056057,18943.00472826001,0.30389971755335426,0.9,-484.05454545454546
RAJASTHAN,ALWAR,8408.967071205912,0.84290239506023,26544.52309496568,0.29896141803985943,0.9,-169.2242424242424
RAJASTHAN,BALOTRA,46.95,0.19729884563604597,135.1613130875679,0.4159759093251738,0.2,26.848484848484848
RAJASTHAN,BANSWARA,10444.040799255137,0.8701906314048692,19412.12726755781,0.3082065324639817,0.9,-752.848484848485
RAJASTHAN,BARAN,6579.057403228685,0.8603138017471101,15606.816929981012,0.3046447384143922,0.9,-798.6242424242427
RAJASTHAN,BARMER,15672.516537158666,0.8529126907238366,26117.34830578978,0.3046853498529052,0.9,-1376.3575757575761
RAJASTHAN,BEAWAR,28.95,0.197951366926699,72.68824220983443,0.4173273473457917,0.2,27.56969696969697
RAJASTHAN,BHARATPUR,8195.043782865938,0.8451995312190805,17847.304171759693,0.30285417076352866,0.9,-31.345454545454746
RAJASTHAN,BHILWARA,7628.850685264461,0.8570780602022069,17469.87200150788,0.30395702081059645,0.9,572.1393939393938
RAJASTHAN,BIKANER,3951.4127843847004,0.842540738343202,12450.09649496879,0.29848451872174997,0.9,-275.7090909090909
RAJASTHAN,BUNDI,4287.535372517209,0.8574651622406663,9108.964417567726,0.30412280430069416,0.9,-183.9878787878788
RAJASTHAN,CHITTAURGARH,98.17220937360824,0.8584773819543374,106.06180394469077,0.3064864393084958,0.9,116.54545454545455
RAJASTHAN,CHITTORGARH,5488.290430885097,0.8604518227976271,11353.294992163483,0.30528207446302535,0.9,-436.6545454545455
RAJASTHAN,CHURU,5523.855688588648,0.8463629234326582,13264.915780530262,0.30110502016428414,0.9,-317.8121212121212
RAJASTHAN,DAUSA,8257.71127197666,0.8675402417937903,10907.961772098288,0.3078836984241052,0.9,58.26666666666667
RAJASTHAN,DEEG,13.651041666666666,0.3834199292569284,24.17372444932574,0.49517742578722157,0.4,65.2
RAJASTHAN,DHAULPUR,12.660216245857473,0.4386440066088796,31.573089566166534,0.4649350996860608,0.5,32.406060606060606
RAJASTHAN,DHOLPUR,6184.132798420363,0.8446413675053934,13899.750355755607,0.3012184740938982,0.9,-986.0848484848485
RAJASTHAN,DIDWANA-KUCHAMAN,31.333333333333336,0.19858542056074766,70.24191003899257,0.41865619712160135,0.2,38.53333333333334
RAJASTHAN,DUNGARPUR,9622.69322347313,0.8664284017782382,21761.0875066281,0.30706939277297884,0.9,-1482.757575757576
RAJASTHAN,GANGANAGAR,9743.456614764858,0.8715284409578091,12973.946685219611,0.30833404735973413,0.9,-497.38181818181823
RAJASTHAN,HANUMANGARH,8252.171612718317,0.8715577226674494,13688.064999547181,0.3079969708317029,0.9,-1018.7757575757576
RAJASTHAN,JAIPUR,15020.257819854789,0.856768083921817,33615.4204855628,0.3036583811108591,0.9,-159.9757575757576
RAJASTHAN,JAISALMER,3217.8877777907096,0.8615115028278961,4663.5976625178455,0.3063222061958627,0.9,41.5939393939394
RAJASTHAN,JALOR,8204.732068537141,0.8254545521118969,15439.903469701245,0.30042403580872246,0.9,-494.1030303030304
RAJASTHAN,JALORE,46.7,0.29640001184913095,105.89937571949032,0.4772688994880566,0.4,49.624242424242425
RAJASTHAN,JHALAWAR,8254.232168996963,0.8607503406375961,17330.700834452575,0.30595004972847456,0.9,-860.2666666666668
RAJASTHAN,JHUNJHUNU,55.18893783896537,0.8624406735389568,46.32868012277389,0.30639040904127113,0.9,167.22424242424242
RAJASTHAN,JHUNJHUNUN,8541.993253222437,0.8633617960537388,10118.70690186841,0.3073625427975863,0.9,283.3757575757576
RAJASTHAN,JODHPUR,8491.031716618225,0.8414310816171753,26804.159091681795,0.2982369484294413,0.9,-1627.4424242424245
RAJASTHAN,KARAULI,4969.111021199014,0.8476924814139968,10641.597257354153,0.30183541381374834,0.9,4.333333333333356
RAJASTHAN,KHAIRTHAL-TIJARA,107.2,0.19910086397428167,297.67909641834854,0.41974461018367726,0.2,56.95757575757576
RAJASTHAN,KOTA,9087.048939656717,0.8621385286860856,15244.504059666115,0.30692315273069315,0.9,-724.8909090909092
RAJASTHAN,KOTPUTLI-BEHROR,53.6,0.19848437896160237,144.77814445250743,0.4184495801617614,0.2,28.315151515151516
RAJASTHAN,NAGAUR,8914.68267165858,0.8492898690325748,21488.5621980137,0.30183332208987146,0.9,-573.2727272727271
RAJASTHAN,PALI,10720.83320760902,0.8634363935382126,15393.508145757123,0.30701290101836737,0.9,-131.29090909090905
RAJASTHAN,PHALODI,20.6,0.19716428084526244,51.57130985344468,0.41567609525554444,0.2,10.703030303030305
RAJASTHAN,PRATAPGARH,5853.505230754432,0.8688170723089156,8287.00197686648,0.30794169305738384,0.9,-121.25454545454548
RAJASTHAN,RAJSAMAND,5776.044918300884,0.8668911707478097,8056.719337195667,0.30768266812069833,0.9,16.290909090909103
RAJASTHAN,SALUMBAR,15.0,0.29117073481613664,27.892651361962706,0.46898306005069873,0.3,10.490909090909092
RAJASTHAN,SAWAI MADHOPUR,4984.616620671403,0.8573866265772235,7994.916542601949,0.30504724334174543,0.9,275.4727272727273
RAJASTHAN,SIKAR,3946.1616949169133,0.8595887466042937,8269.878195675306,0.3055281333998081,0.9,-225.57575757575756
RAJASTHAN,SIROHI,1996.7724683076462,0.8189148116390843,6286.33821578345,0.2911235370307253,0.9,322.4666666666667
RAJASTHAN,TONK,5488.840291643403,0.8636510457922556,8932.380872484615,0.3062327060346969,0.9,-36.33939393939396
RAJASTHAN,UDAIPUR,11907.172371120902,0.8591009185438867,26113.638645572726,0.30546038621954785,0.9,-622.9090909090909
SIKKIM,EAST,560.2237072798378,0.8754569709742352,811.5114770634282,0.3095085369412922,0.9,1.2606060606060607
SIKKIM,EAST SIKKIM,363.33816955224205,0.8668689404080412,511.76988328926666,0.3077662030872428,0.9,14.539393939393939
SIKKIM,MANGAN,4.0,0.36130518604202816,5.451809077932042,0.46673412095816363,0.4,2.787878787878788
SIKKIM,NAMCHI,4.345000000000001,0.36131143366437485,6.258525296656464,0.46706486958801136,0.4,11.460606060606063
SIKKIM,NORTH,15.634978354978355,0.5694347736739256,18.71911920701289,0.49051818819822784,0.6,19.454545454545453
SIKKIM,NORTH SIKKIM,49.92404761904762,0.8689555716884712,42.40109892782528,0.30664086405608604,0.9,20.727272727272727
SIKKIM,SOUTH,370.80314744079453,0.87645260337641,577.9016436998086,0.3096581607606531,0.9,-34.99393939393939
SIKKIM,SOUTH SIKKIM,138.8670101991258,0.7984715349441809,256.3606063418625,0.3192708032759039,0.9,-20.345454545454547
SIKKIM,WEST,363.3321486549165,0.8680362313224276,474.80158612165445,0.30834610416033237,0.9,-46.515151515151516
SIKKIM,WEST SIKKIM,225.4546902366993,0.815744968615886,474.22076395198263,0.30255050334258377,0.9,-74.34545454545454
TAMIL NADU,ARIYALUR,6142.131365816616,0.8756195969261817,7576.838091676347,0.30941845750043817,0.9,-522.8121212121212
TAMIL NADU,CHENGALPATTU,518.0157259399359,0.8472141224834819,1098.47582930067,0.3127797098991458,0.9,703.7939393939396
TAMIL NADU,CHENNAI,14237.409985443242,0.8797212115236294,20947.26997755298,0.3101254806250928,0.9,2660.4303030303035
TAMIL NADU,COIMBATORE,14476.614056694913,0.8767593072373666,20169.62622261224,0.3097018206762687,0.9,905.2969696969698
TAMIL NADU,CUDDALORE,9745.06718704276,0.872725034465115,14382.566165149125,0.3090227910245657,0.9,1633.2242424242424
TAMIL NADU,DHARMAPURI,6879.889551221192,0.8697465238368242,9333.583831916516,0.308435243387195,0.9,760.5272727272728
TAMIL NADU,DINDIGUL,13517.418777890407,0.8777783182462947,15887.307500634452,0.3100015642090356,0.9,-177.1939393939394
TAMIL NADU,ERODE,9958.937038508011,0.8790287706305607,12042.816346381276,0.31033071035587434,0.9,1313.8727272727274
TAMIL NADU,KALLAKURICHI,480.5320875642043,0.8385340285999957,1066.278792836136,0.30703521686608704,0.9,202.82424242424244
TAMIL NADU,KANCHEEPURAM,15571.46350907452,0.8714877824901672,22466.793527718506,0.308490574390299,0.9,1272.909090909091
TAMIL NADU,KANCHIPURAM,1.2,0.23333333333333334,2.0976176963403033,0.3784308081316978,0.6,-7.357575757575758
TAMIL NADU,KANNIYAKUMARI,5170.121417718055,0.8840361904476881,6672.52981527901,0.31139788697236365,0.9,413.7757575757576
TAMIL NADU,KANYAKUMARI,2106.2212050124235,0.8731664437916274,2972.642111220065,0.30896581751848295,0.9,421.19393939393944
TAMIL NADU,KARUR,4127.8300758936475,0.8650778551744651,4782.5412548688,0.30774927417338205,0.9,407.3818181818182
TAMIL NADU,KRISHNAGIRI,8670.80207191206,0.8784967142125408,11368.84899485244,0.31013200057213386,0.9,913.569696969697
TAMIL NADU,MADURAI,11119.777446079435,0.8734622653609373,19871.329840561375,0.3092692305350276,0.9,788.2909090909092
TAMIL NADU,MAYILADUTHURAI,224.57655836107446,0.8582477026703307,437.6419959177013,0.30690466346588036,0.9,158.369696969697
TAMIL NADU,NAGAPATTINAM,4941.821844974257,0.875909127667182,5491.485809771851,0.3097233767440704,0.9,1291.7757575757578
TAMIL NADU,NAMAKKAL,7991.979970215015,0.8765319216940608,8965.33251444181,0.31003062717939295,0.9,982.0909090909091
TAMIL NADU,NAMAKKAL   *,0.0,0.0,0.0,0.0,0.1,0.01818181818181818
TAMIL NADU,PERAMBALUR,3722.0400835742657,0.8758118531979454,4165.646518931913,0.30960330964725974,0.9,300.42424242424244
TAMIL NADU,PUDUKKOTTAI,7231.393025131138,0.8695195587054508,10221.388741075254,0.30835296705784365,0.9,1141.2727272727273
TAMIL NADU,RAMANATHAPURAM,5853.984221360874,0.8759041808720218,8271.075629771594,0.30931017943462885,0.9,428.44242424242424
TAMIL NADU,RANIPET,31.045367185367184,0.7627701639776534,40.414028885048864,0.4030637456109658,0.8,66.5939393939394
TAMIL NADU,SALEM,15220.99654801036,0.8739851031775977,22971.77363024682,0.3087626249122127,0.9,683.1757575757578
TAMIL NADU,SIVAGANGA,5040.8289120140325,0.8734662164767444,7014.907070436286,0.30892608485160405,0.9,913.0666666666667
TAMIL NADU,TENKASI,569.233024901498,0.8645072800568719,1112.538578435204,0.3075378132470954,0.9,378.6484848484849
TAMIL NADU,THANJAVUR,10447.726473976767,0.875172267150328,15742.479463506426,0.3094272292736631,0.9,716.2787878787879
TAMIL NADU,THE NILGIRIS,2835.840170650298,0.8754955019846046,3271.3422401325033,0.30962735742001496,0.9,419.19393939393944
TAMIL NADU,THENI,6409.607559333888,0.876401648534765,7578.3144088925455,0.309754825758574,0.9,331.6181818181819
TAMIL NADU,THIRUVALLUR,99.37399044721955,0.798675590529301,147.69621397330928,0.3518176477168564,0.9,109.52121212121213
TAMIL NADU,THIRUVARUR,4412.962203163928,0.8740457462353394,5698.432731845663,0.3093660091210732,0.9,1251.4666666666667
TAMIL NADU,THOOTHUKKUDI,8913.028259315415,0.8760845072718935,11493.688739497073,0.3097097191971618,0.9,787.5818181818182
TAMIL NADU,TIRUCHIRAPPALLI,13639.939698821985,0.8699496284493895,15736.731996488154,0.30881247927624295,0.9,855.8848484848485
TAMIL NADU,TIRUNELVELI,13939.791499917535,0.8750419703968323,17982.066239155927,0.30942011272489617,0.9,1348.1818181818182
TAMIL NADU,TIRUPATHUR,13.040000000000001,0.376852650063857,20.703579937349538,0.48800201371468954,0.4,6.0606060606060606
TAMIL NADU,TIRUPATTUR,826.9677760206521,0.865278482079763,1255.4952514978784,0.3078817759199842,0.9,252.1030303030303
TAMIL NADU,TIRUPPUR,11686.687022049076,0.8782765646810526,13229.119855483657,0.310135866539323,0.9,896.3030303030303
TAMIL NADU,TIRUVALLUR,19810.065794032937,0.8755217852086561,23722.840177966136,0.3094327791666022,0.9,992.1090909090908
TAMIL NADU,TIRUVANNAMALAI,10660.948277841107,0.8715956703958738,13813.67623629002,0.3089394136295267,0.9,184.4666666666667
TAMIL NADU,TIRUVARUR,0.5,0.14166666666666666,1.0801234497346435,0.2993047499344662,0.3,0.26666666666666666
TAMIL NADU,TUTICORIN,0.7,0.19666666666666668,1.3374935098492586,0.32449390794943483,0.3,0.48484848484848486
TAMIL NADU,VELLORE,10853.758784518242,0.8731261368253248,15668.818052171604,0.3085170194863442,0.9,1871.8303030303032
TAMIL NADU,VILLUPURAM,7451.256855546344,0.8692189415841838,9154.29573691747,0.3086328376959353,0.9,1004.5636363636363
TAMIL NADU,VILUPPURAM,4861.888848126891,0.8728910636612295,5475.317497531207,0.3091254382259311,0.9,1345.2000000000003
TAMIL NADU,VIRUDHUNAGAR,8288.34385832731,0.8765424766534681,9353.480933521058,0.30994154051816597,0.9,1301.036363636364
TAMILNADU,CHENNAI,0.1,0.05,0.31622776601683794,0.15811388300841897,0.1,0.05454545454545455
TELANGANA,ADILABAD,5641.4677240748615,0.8832935778234864,6471.5975382107135,0.3112878711141327,0.9,883.4060606060607
TELANGANA,BHADRADRI KOTHAGUDEM,1490.8989798196558,0.8556143354556834,3172.42914540703,0.30633386990851624,0.9,741.5454545454546
TELANGANA,HANUMAKONDA,880.6892404005599,0.8794850453780123,1372.739468397723,0.3100859504295,0.9,368.90909090909093
TELANGANA,HYDERABAD,5635.117311703004,0.8524698001928879,17728.77359495049,0.30216680388029843,0.9,1993.3696969696969
TELANGANA,JAGITIAL,886.8174187257655,0.8667356100716145,1273.9252296636482,0.3077863204544881,0.9,416.22424242424245
TELANGANA,JANGAON,11.253982966924145,0.46830777627423836,18.017388997361756,0.4941675736997536,0.5,35.35151515151516
TELANGANA,JANGOAN,597.4535379071285,0.8784500692016837,908.3479319963636,0.3098725481600501,0.9,488.8545454545455
TELANGANA,JAYASHANKAR BHUPALPALLY,748.6911865753033,0.875635899752891,1683.7725966637151,0.30915120999840523,0.9,164.87272727272727
TELANGANA,JOGULAMBA GADWAL,2222.0138804060175,0.8695441789411582,2870.16884811331,0.3084089512217099,0.9,199.78181818181818
TELANGANA,K.V. RANGAREDDY,18476.707519361393,0.8713170604644528,26382.917040696757,0.30834648659850944,0.9,2705.1030303030307
TELANGANA,KAMAREDDY,1371.2574657237092,0.8702801624070092,1744.5351788341136,0.30860915213320966,0.9,660.230303030303
TELANGANA,KARIMNAGAR,9943.84548452439,0.8804349133995709,12036.940379796799,0.31051580562771725,0.9,1070.2242424242424
TELANGANA,KHAMMAM,4485.794766442905,0.8793217884705957,5800.6126395482115,0.3103572248422061,0.9,1220.5454545454545
TELANGANA,KOMARAM BHEEM,1121.9124843607917,0.8833924846864425,1843.6734145851772,0.31120667563193577,0.9,554.3575757575758
TELANGANA,MAHABUBABAD,1034.2395380479359,0.875347066129946,1702.5438046650597,0.30933255091845424,0.9,514.1151515151515
TELANGANA,MAHABUBNAGAR,14391.906644514072,0.8742817665103697,16780.881465739436,0.30933500048490603,0.9,1258.3818181818183
TELANGANA,MANCHERIAL,983.3568088604943,0.8846411097236588,1574.4387761283704,0.31153243023435206,0.9,791.8181818181819
TELANGANA,MEDAK,7288.412227121243,0.8743084943641175,8358.161097489758,0.30922408068053947,0.9,1864.2242424242424
TELANGANA,MEDCHAL MALKAJGIRI,0.0,0.0,0.0,0.0,0.2,-7.878787878787879
TELANGANA,MEDCHAL-MALKAJGIRI,4748.636604747726,0.8721690146737258,7702.527076962644,0.3079720746982371,0.9,1045.2848484848485
TELANGANA,MEDCHAL?MALKAJGIRI,120.35,0.35991624790619764,376.8943301657788,0.41345215497108073,0.5,-64.53333333333335
TELANGANA,MEDCHALÂMALKAJGIRI,0.1,0.05,0.31622776601683794,0.15811388300841897,0.1,0.05454545454545455
TELANGANA,MEDCHAL−MALKAJGIRI,5.430075184650221,0.3664851525179116,8.534944403278407,0.47361163173766035,0.4,262.4787878787879
TELANGANA,MULUGU,592.6821253693581,0.8677080772345149,994.2973212340405,0.3078663991789383,0.9,215.4666666666667
TELANGANA,NAGARKURNOOL,1057.6404784482709,0.8773032545090196,1793.1173879387725,0.30966735391977457,0.9,393.23030303030305
TELANGANA,NALGONDA,9838.896842973958,0.878340290786717,11503.721325484114,0.3101171023536422,0.9,1407.3515151515153
TELANGANA,NARAYANPET,582.6632440473938,0.8717135991305813,923.164191721883,0.3083610659390075,0.9,426.7818181818182
TELANGANA,NIRMAL,1082.7687246686908,0.8846977210573016,1365.287987341064,0.3115592461002781,0.9,1044.1515151515152
TELANGANA,NIZAMABAD,8535.638061631013,0.8740181737158116,10136.037760869136,0.30941743681323314,0.9,1135.418181818182
TELANGANA,PEDDAPALLI,436.05296672831463,0.8804739717724365,568.2610914637444,0.3103385993292277,0.9,312.5939393939394
TELANGANA,RAJANNA SIRCILLA,598.2128685137375,0.8741133407873825,903.7516477211276,0.3088942471520882,0.9,290.53333333333336
TELANGANA,RANGA REDDY,0.0,0.0,0.0,0.0,0.1,-1.721212121212121
TELANGANA,RANGAREDDY,335.66202664876647,0.8758488477722342,541.2110459943455,0.3090492361428107,0.9,66.55757575757576
TELANGANA,SANGAREDDY,2515.731320553906,0.8699182105098998,3387.26565632804,0.30836323367250057,0.9,604.9090909090909
TELANGANA,SIDDIPET,1165.5179861400757,0.8823118222251061,1611.010317524485,0.3108420233751894,0.9,1110.6545454545455
TELANGANA,SURYAPET,1977.795119606631,0.8830956194441267,2647.811298054488,0.31114247193983313,0.9,1060.5575757575757
TELANGANA,VIKARABAD,2049.580749388741,0.8822036372621189,2575.646905411302,0.3107998122353793,0.9,1366.0424242424242
TELANGANA,WANAPARTHY,1218.535539822806,0.8731225700049524,2325.404978854559,0.3086530703592772,0.9,353.54545454545456
TELANGANA,WARANGAL,5695.334127755568,0.8822471322831037,6247.182569369162,0.3109638623562429,0.9,682.0666666666667
TELANGANA,WARANGAL (URBAN),6.183333333333334,0.37094658553076404,9.595668390052454,0.47918574898275396,0.4,4.648484848484849
TELANGANA,WARANGAL RURAL,600.1177437648664,0.8842342187077863,943.3956726406802,0.3112665881257347,0.9,471.40000000000003
TELANGANA,WARANGAL URBAN,1290.8349484186224,0.8752920013145508,1780.715261570207,0.30946831278465964,0.9,29.103030303030316
TELANGANA,YADADRI.,2123.6953342154693,0.8808774254928344,4066.122596385868,0.3104619880756141,0.9,311.0666666666667
THE DADRA AND NAGAR HAVELI AND DAMAN AND DIU,DADRA AND NAGAR HAVELI,0.0,0.0,0.0,0.0,0.2,-7.357575757575758
TRIPURA,DHALAI,2536.3297970338417,0.8714815215110608,3808.4284197763504,0.308081309112829,0.9,-237.75151515151515
TRIPURA,DHALAI  *,52.920833333333334,0.8697869359440876,42.518307830528784,0.30780926044270107,0.9,10.490909090909092
TRIPURA,GOMATI,1233.9216840405604,0.8681319454365471,2222.591449479669,0.3072529825907114,0.9,-91.01818181818183
TRIPURA,KHOWAI,734.7225490435491,0.8715150071052016,955.8768160852206,0.30858712630767404,0.9,-39.115151515151524
TRIPURA,NORTH TRIPURA,2967.5066882850133,0.8772768566681929,4510.327279222978,0.3092926036400145,0.9,-168.30909090909094
TRIPURA,SEPAHIJALA,1636.6780924795337,0.8508229957110774,2611.8753113727707,0.3038911415142276,0.9,34.78787878787878
TRIPURA,SOUTH TRIPURA,4846.650522740125,0.8782169167829348,7018.5822925814255,0.30995484553746433,0.9,-259.71515151515155
TRIPURA,UNAKOTI,876.5069944663364,0.8608898268885898,1474.1092504512765,0.3068067806679172,0.9,-196.53939393939393
TRIPURA,WEST TRIPURA,6256.246344270298,0.8810609582580275,10277.157763379835,0.3103310317126096,0.9,-510.3151515151517
UTTAR PRADESH,AGRA,17.220889124306048,0.8328372630042373,18.14552686127477,0.2951300470637287,0.9,2289.6909090909094
UTTAR PRADESH,ALIGARH,22.53710793330689,0.8341932119895649,32.20056883566894,0.29569316741350044,0.9,-45.660606060606106
UTTAR PRADESH,ALLAHABAD,21657.28229602756,0.8774158914387963,25965.59953011941,0.30982368555816464,0.9,1387.9393939393942
UTTAR PRADESH,AMBEDKAR NAGAR,5915.242361693934,0.8655523544492155,9658.582276410803,0.3069210339304571,0.9,1283.9151515151516
UTTAR PRADESH,AMETHI,7744.116423840232,0.8697930239458886,10393.32426237325,0.3083753037485627,0.9,884.5454545454545
UTTAR PRADESH,AMROHA,6514.371490242746,0.8606530383066655,10865.034440894371,0.304369816297598,0.9,1063.357575757576
UTTAR PRADESH,AURAIYA,5732.661862242536,0.875060388139608,7882.263317216539,0.309271889225957,0.9,239.3757575757576
UTTAR PRADESH,AURAIYA *,0.1,0.05,0.31622776601683794,0.15811388300841897,0.1,0.04242424242424243
UTTAR PRADESH,AYODHYA,744.52232294696,0.8226983991568675,1739.6865358404978,0.3050582518590506,0.9,169.35151515151517
UTTAR PRADESH,AZAMGARH,8317.499756486959,0.8492891321169399,20826.839338870286,0.3017176173236299,0.9,2000.2424242424242
UTTAR PRADESH,BAGHPAT,2712.1133467994846,0.8509785314461407,6770.284341886393,0.30179772411918865,0.9,394.50909090909096
UTTAR PRADESH,BAGHPAT *,0.3,0.11666666666666665,0.6749485577105528,0.24907235301622105,0.2,0.07878787878787881
UTTAR PRADESH,BAGPAT,1.65,0.3038888888888889,2.6671874491473018,0.39848865714916304,0.4,0.7696969696969697
UTTAR PRADESH,BAHRAICH,22.675430064516743,0.7699906470282709,47.3564225243359,0.2890798673866622,0.9,1950.1636363636364
UTTAR PRADESH,BALLIA,10547.279748852254,0.8715343782784878,13461.07520513316,0.308460743310529,0.9,1498.1757575757576
UTTAR PRADESH,BALRAMPUR,4460.573604274052,0.8353200592267305,11269.946877056904,0.2974725790520422,0.9,1381.6121212121213
UTTAR PRADESH,BANDA,58.61850301357215,0.8317899048571753,148.73887197118853,0.2952556674834538,0.9,769.2060606060606
UTTAR PRADESH,BARA BANKI,11572.59076282404,0.8739397585432682,16942.355257242165,0.3087787925322574,0.9,875.8363636363637
UTTAR PRADESH,BARABANKI,132.53579054319525,0.790757902684384,159.61725865768622,0.35860073815093246,0.9,245.83636363636364
UTTAR PRADESH,BAREILLY,7413.365861115711,0.8454098152762584,23399.67324816599,0.298483743095849,0.9,1542.6606060606061
UTTAR PRADESH,BASTI,7240.399812596761,0.8622561818617109,11579.970838251287,0.30652557958652005,0.9,1223.8060606060608
UTTAR PRADESH,BHADOHI,1016.2365644881435,0.8717321876548711,2138.2628820237715,0.3087613166985371,0.9,-121.70909090909092
UTTAR PRADESH,BIJNOR,18797.390464817705,0.8664265862850347,25311.405269104427,0.3070038127283056,0.9,2118.121212121212
UTTAR PRADESH,BUDAUN,6929.644207280253,0.8434485222213137,21864.466365465585,0.2994952923931927,0.9,796.8727272727274
UTTAR PRADESH,BULANDSHAHAR,2.6215670992834905,0.32424920959348164,5.009410517608937,0.4219810526236383,0.4,41.03030303030303
UTTAR PRADESH,BULANDSHAHR,3117.170953977502,0.8586899648759413,9475.60786754694,0.3041987808990225,0.9,306.06060606060606
UTTAR PRADESH,CHANDAULI,4076.48702053758,0.8518530183722153,12839.733461128859,0.30066232998974823,0.9,507.24242424242425
UTTAR PRADESH,CHANDAULI *,0.2,0.06666666666666667,0.6324555320336759,0.21081851067789195,0.1,0.1090909090909091
UTTAR PRADESH,CHITRAKOOT,5234.821690185103,0.8624777992598791,7223.322825218986,0.3069609519691973,0.9,268.369696969697
UTTAR PRADESH,CHITRAKOOT *,0.1,0.05,0.31622776601683794,0.15811388300841897,0.1,0.05454545454545455
UTTAR PRADESH,DEORIA,7171.021604812244,0.8674224031612139,13812.34273650082,0.30648663702634543,0.9,1538.6727272727273
UTTAR PRADESH,ETAH,3158.605339975922,0.833680021691768,7518.123518859989,0.3011629859799395,0.9,342.8484848484849
UTTAR PRADESH,ETAWAH,4202.3329398719,0.8583191286236935,7556.196375045789,0.3039384661622713,0.9,379.90909090909093
UTTAR PRADESH,FAIZABAD,7461.317275508702,0.8708909710970449,9648.323769275066,0.3085375598621153,0.9,949.8484848484849
UTTAR PRADESH,FARRUKHABAD,5269.813466941921,0.8712555331266506,8018.472671464132,0.30794504598759426,0.9,1438.739393939394
UTTAR PRADESH,FATEHPUR,4908.123498273122,0.8492039093868756,15465.607930919528,0.3003109520247148,0.9,726.4424242424243
UTTAR PRADESH,FIROZABAD,4364.288879993267,0.8512828130485944,9541.770842904198,0.30447757708997386,0.9,1117.3333333333333
UTTAR PRADESH,GAUTAM BUDDHA NAGAR,13.805035517392174,0.823410668553521,11.719250937674396,0.2924267269572465,0.9,-770.8787878787879
UTTAR PRADESH,GAUTAM BUDDHA NAGAR *,0.2,0.06666666666666667,0.6324555320336759,0.21081851067789195,0.1,0.06060606060606061
UTTAR PRADESH,GHAZIABAD,5257.997462180093,0.8480419885529198,16550.337453118216,0.3006227985987303,0.9,-1297.0121212121212
UTTAR PRADESH,GHAZIPUR,13193.82097366089,0.8703355768711356,18747.452695418542,0.3083832742252304,0.9,509.7939393939394
UTTAR PRADESH,GONDA,9107.547859218817,0.8539408211156978,20300.00949380606,0.3033950526881793,0.9,616.7151515151515
UTTAR PRADESH,GORAKHPUR,128.91775583219632,0.8460762911575648,359.5789089555783,0.299195621954478,0.9,1541.2000000000003
UTTAR PRADESH,HAMIRPUR,4419.721066506896,0.8746787026883382,6146.876185012115,0.309132233351756,0.9,603.1272727272727
UTTAR PRADESH,HAPUR,2761.934449811522,0.8385577399553835,5004.992583190147,0.30139365905347576,0.9,484.91515151515154
UTTAR PRADESH,HARDOI,12307.761669824333,0.832360629577594,22655.149009564466,0.30203112425453493,0.9,966.1030303030301
UTTAR PRADESH,HATHRAS,5172.362699729057,0.8577669909982237,9440.346726780972,0.3034661222760594,0.9,369.41212121212124
UTTAR PRADESH,JALAUN,4755.48797269559,0.8635807743207158,9058.89458384646,0.3052283837863712,0.9,494.2666666666667
UTTAR PRADESH,JAUNPUR,3327.752975825924,0.8626421129280043,6987.312592519581,0.30487449620145135,0.9,2027.3696969696969
UTTAR PRADESH,JHANSI,6923.070209934868,0.870768992705092,10897.167368980065,0.30816271326017075,0.9,951.5636363636364
UTTAR PRADESH,JYOTIBA PHULE NAGAR,3.809831154684096,0.3517516299368091,6.135370680146706,0.45539014327160127,0.4,35.406060606060606
UTTAR PRADESH,JYOTIBA PHULE NAGAR *,0.1,0.05,0.31622776601683794,0.15811388300841897,0.1,0.04242424242424243
UTTAR PRADESH,KANNAUJ,4859.812382847267,0.8604909861220917,7710.253207851992,0.30542477253150735,0.9,819.8060606060607
UTTAR PRADESH,KANPUR DEHAT,5025.226575891189,0.8521256863309941,10800.857385190395,0.3026067259561251,0.9,105.53939393939392
UTTAR PRADESH,KANPUR NAGAR,37.4546742790206,0.8376692103043224,80.23750778641953,0.29619561183564586,0.9,1712.0666666666668
UTTAR PRADESH,KASGANJ,4205.995047899969,0.8578265185660667,6072.4822659666115,0.30650258484478377,0.9,1175.0121212121212
UTTAR PRADESH,KAUSHAMBI,5604.6142135771415,0.8641344638203797,11116.09826007237,0.30570111094047464,0.9,68.32727272727273
UTTAR PRADESH,KHERI,9142.058879693366,0.8337862111710989,28872.278012022514,0.29555360808018544,0.9,1420.3454545454547
UTTAR PRADESH,KUSHI NAGAR,0.0,0.0,0.0,0.0,0.1,-9.515151515151516
UTTAR PRADESH,KUSHINAGAR,14317.104439423067,0.8719707639481253,24636.189376882994,0.3081262521345857,0.9,897.1030303030301
UTTAR PRADESH,KUSHINAGAR *,10.566666666666666,0.47557980271095024,12.003137449932634,0.5014110245813551,0.5,7.133333333333334
UTTAR PRADESH,LALITPUR,5463.606995256847,0.8683683891295553,8162.992394457217,0.3070343610806247,0.9,390.0181818181818
UTTAR PRADESH,LUCKNOW,66.54717287132276,0.8467343260428946,134.49355303550934,0.30073105240467424,0.9,2402.2545454545457
UTTAR PRADESH,MAHARAJGANJ,25.79440224980123,0.8152449415070422,51.009987580566374,0.2915082378384724,0.9,1019.8424242424244
UTTAR PRADESH,MAHOBA,3353.22203515702,0.8738915166070631,4266.767772293262,0.30901685582094734,0.9,669.5939393939394
UTTAR PRADESH,MAHOBA *,0.1,0.05,0.31622776601683794,0.15811388300841897,0.1,0.01818181818181818
UTTAR PRADESH,MAHRAJGANJ,2.064285714285714,0.2851785714285714,4.642118378342882,0.3807494137299249,0.4,3.4545454545454546
UTTAR PRADESH,MAINPURI,3843.3666064484087,0.8250664850605371,9402.51764277785,0.29474626373756146,0.9,850.4242424242424
UTTAR PRADESH,MATHURA,2916.251904901472,0.8557307646108123,6015.803163939059,0.3038719164903054,0.9,537.0181818181819
UTTAR PRADESH,MAU,7240.574565197654,0.8709563948718545,10721.334329565936,0.3087613308188763,0.9,1421.3818181818183
UTTAR PRADESH,MEERUT,6679.834256339511,0.8350225255705798,21069.972037912758,0.29655820398726357,0.9,985.2848484848486
UTTAR PRADESH,MIRZAPUR,9253.472395593551,0.87206381537121,11537.654287268428,0.3087367059703479,0.9,845.678787878788
UTTAR PRADESH,MORADABAD,4710.030082104066,0.8391491587924781,14854.615121617167,0.29664792727564726,0.9,1025.2121212121212
UTTAR PRADESH,MUZAFFARNAGAR,9303.951096338616,0.8659901558796645,16886.738963502914,0.30608757713802376,0.9,1003.1454545454546
UTTAR PRADESH,PILIBHIT,5036.769972882402,0.8483167072040698,15875.772426587659,0.30014382383699406,0.9,-765.4060606060608
UTTAR PRADESH,PRATAPGARH,11115.990630426439,0.8684095805525001,15157.342756439895,0.30811086109733427,0.9,825.7454545454547
UTTAR PRADESH,PRAYAGRAJ,1588.7033222961154,0.8496251762031861,3358.222473616949,0.30377101514817545,0.9,240.26060606060608
UTTAR PRADESH,RAE BARELI,10864.663792204628,0.8705057797640476,15604.893485081293,0.30833977608928975,0.9,969.8666666666668
UTTAR PRADESH,RAEBARELI,1.45,0.3097619047619048,1.9783550967631895,0.40105751176107507,0.4,1.0424242424242425
UTTAR PRADESH,RAMPUR,3986.9492794111948,0.8357456853247582,12566.91196177802,0.2966264426904886,0.9,424.9333333333334
UTTAR PRADESH,SAHARANPUR,3593.542007692164,0.8519950733219549,11255.572694817214,0.30096328566699343,0.9,962.1333333333333
UTTAR PRADESH,SAMBHAL,7621.474910647955,0.8676811039938572,13254.611945901148,0.3070006276019214,0.9,1232.1636363636364
UTTAR PRADESH,SANT KABIR NAGAR,8003.415507927692,0.8720256387105152,12362.934946129839,0.3087347760240064,0.9,510.5393939393939
UTTAR PRADESH,SANT RAVIDAS NAGAR,5046.823172987517,0.8742781695728443,6521.179370563849,0.30907136264119744,0.9,772.8727272727274
UTTAR PRADESH,SANT RAVIDAS NAGAR BHADOHI,2.198390692640692,0.3225656491124117,3.4432280361595535,0.42078636341885417,0.4,18.272727272727273
UTTAR PRADESH,SHAHJAHANPUR,4772.016076167662,0.8267508893006879,15052.438623922024,0.2952072614930414,0.9,1307.4727272727275
UTTAR PRADESH,SHAMLI,7060.4563771077155,0.8620325481186539,9990.406732619007,0.3064051858822535,0.9,605.2969696969698
UTTAR PRADESH,SHRAVASTI,0.0,0.0,0.0,0.0,0.2,-26.745454545454546
UTTAR PRADESH,SHRAWASTI,4456.985212383999,0.8571110900269014,9940.614061060662,0.3038509837020454,0.9,89.19999999999999
UTTAR PRADESH,SIDDHARTH NAGAR,0.0,0.0,0.0,0.0,0.2,-31.07272727272728
UTTAR PRADESH,SIDDHARTHNAGAR,5929.052025756912,0.8368547681868547,11555.164476166476,0.2996762503881841,0.9,1942.5939393939395
UTTAR PRADESH,SITAPUR,9219.831780142318,0.8326207102207073,29117.609963636394,0.2963449736232626,0.9,-303.3757575757575
UTTAR PRADESH,SONBHADRA,9139.551852370785,0.8775374376809447,13268.529766529022,0.30984104884416463,0.9,-191.90303030303028
UTTAR PRADESH,SULTANPUR,3040.6686447333764,0.8466911013203606,9569.171984483912,0.2992665601523681,0.9,1767.1030303030304
UTTAR PRADESH,UNNAO,35.796870986554794,0.8320932685253318,79.2003036880017,0.29421523125809174,0.9,949.6424242424242
UTTAR PRADESH,VARANASI,6314.172802133735,0.8355541020052843,19924.047444320884,0.29806256938173376,0.9,2201.2181818181816
UTTARAKHAND,ALMORA,2028.153458466099,0.876621657088003,2453.7049085834083,0.3097650593219136,0.9,510.70909090909095
UTTARAKHAND,BAGESHWAR,1516.0810957061099,0.8736898240411126,1725.6476319647331,0.30937265174090267,0.9,58.442424242424245
UTTARAKHAND,CHAMOLI,2022.7985860519068,0.8745035089162492,2602.5990992043126,0.30933802199325255,0.9,144.1212121212121
UTTARAKHAND,CHAMPAWAT,1635.3208534152022,0.8784007866183128,1951.8463241042555,0.3103688224978025,0.9,235.4606060606061
UTTARAKHAND,DEHRADUN,35.75231698711947,0.859975935440831,45.39556459803343,0.303282573780279,0.9,1105.230303030303
UTTARAKHAND,GARHWAL,8.846,0.3633459344677191,18.276221467007648,0.47101708178105617,0.4,31.345454545454547
UTTARAKHAND,HARDWAR,7.787742248062015,0.3670567962844221,15.542572754923201,0.47467934168037174,0.4,90.56969696969699
UTTARAKHAND,HARIDWAR,3572.888870953511,0.872277026284795,5666.028183093767,0.30829609645249906,0.9,3289.9333333333334
UTTARAKHAND,NAINITAL,3120.0407962783256,0.8685825672320758,5504.385240023865,0.3075132145447685,0.9,904.2060606060606
UTTARAKHAND,PAURI GARHWAL,2559.3110906800644,0.8789828031377169,2922.831489507087,0.3103212089326472,0.9,903.2909090909092
UTTARAKHAND,PITHORAGARH,2010.8806359876896,0.8764677873415883,2419.6951173969464,0.309824964672248,0.9,393.8484848484849
UTTARAKHAND,RUDRAPRAYAG,1512.833081362404,0.8717629316758876,1830.0937463801993,0.309248290452248,0.9,219.04242424242426
UTTARAKHAND,TEHRI GARHWAL,3408.616139540371,0.8747308671812153,4025.003598545791,0.3093134080967683,0.9,957.5515151515152
UTTARAKHAND,UDHAM SINGH NAGAR,14386.09071991198,0.8766606279998861,15547.74407685671,0.3100810829048693,0.9,1602.957575757576
UTTARAKHAND,UTTARKASHI,1538.8639245683917,0.8723338598773157,1812.035691934249,0.3088377770772313,0.9,320.7454545454545
UTTARANCHAL,ALMORA,0.1,0.05,0.31622776601683794,0.15811388300841897,0.1,0.01818181818181818
UTTARANCHAL,GARHWAL,0.1,0.05,0.31622776601683794,0.15811388300841897,0.1,0.05454545454545455
UTTARANCHAL,TEHRI GARHWAL,0.2,0.06666666666666667,0.6324555320336759,0.21081851067789195,0.1,0.1090909090909091
UTTARANCHAL,UDHAM SINGH NAGAR *,0.3,0.075,0.9486832980505139,0.23717082451262847,0.1,0.16363636363636364
WEST  BENGAL,HOOGHLY,5.5717948717948715,0.3589525020063576,9.1395624630623,0.4660301878630052,0.4,4.981818181818182
WEST BANGAL,HOOGHLY,5.4,0.36814496575134875,7.915526233647107,0.47567870333585616,0.4,5.193939393939394
WEST BANGAL,HOWRAH,5.225,0.3548319327731092,9.159428960851702,0.4602386247058053,0.4,2.7151515151515153
WEST BANGAL,SOUTH 24 PARGANAS,1.4,0.2375,2.5473297566057065,0.3859262147222919,0.3,0.6060606060606061
WEST BENGAL,24 PARAGANAS NORTH,0.0,0.0,0.0,0.0,0.2,-49.981818181818184
WEST BENGAL,24 PARAGANAS SOUTH,0.0,0.0,0.0,0.0,0.1,-2.9696969696969697
WEST BENGAL,ALIPURDUAR,320.1255984020012,0.7377889313528228,992.9205576273885,0.3105156544350796,0.9,155.78181818181818
WEST BENGAL,BALLY JAGACHHA,0.6,0.2333333333333333,0.8432740427115678,0.3063121944908938,0.4,0.2181818181818182
WEST BENGAL,BANKURA,8652.675799510022,0.8747479534859108,10988.966949154956,0.3090321084070014,0.9,3550.3454545454547
WEST BENGAL,BARDDHAMAN,12934.35004696844,0.8728312277087067,14903.24561537479,0.3088170506360185,0.9,4589.545454545455
WEST BENGAL,BARDHAMAN,619.2989196543483,0.8772951830702006,722.4234876456392,0.30972963813102034,0.9,1073.1757575757576
WEST BENGAL,BIRBHUM,4727.062846128399,0.8603756658008643,11570.636614959738,0.3046416944926105,0.9,2956.09696969697
WEST BENGAL,BURDWAN,0.4333333333333333,0.10500000000000001,1.2575696726151921,0.25652593544426566,0.2,0.1636363636363636
WEST BENGAL,COOCH BEHAR,3916.77717923932,0.843055425070317,7078.146575136483,0.30355190938978094,0.9,2412.866666666667
WEST BENGAL,COOCHBEHAR,0.0,0.0,0.0,0.0,0.3,-30.424242424242426
WEST BENGAL,DAKSHIN DINAJPUR,4210.498207421178,0.867513082486093,6162.908674887,0.3071485748332881,0.9,1378.9757575757576
WEST BENGAL,DARJEELING,1549.318696445606,0.8149386465185622,4868.395489070695,0.2916401226816731,0.9,1106.5696969696971
WEST BENGAL,DARJILING,150.2414224515668,0.8653331842271218,149.9895728541845,0.3080416762324495,0.9,348.8424242424243
WEST BENGAL,DINAJPUR DAKSHIN,0.0,0.0,0.0,0.0,0.1,-6.042424242424242
WEST BENGAL,DINAJPUR UTTAR,0.0,0.0,0.0,0.0,0.3,-106.4909090909091
WEST BENGAL,DOMJUR,0.5,0.175,0.97182531580755,0.2898754521821014,0.3,0.2
WEST BENGAL,EAST MIDNAPORE,1466.2575625546042,0.8770474915625925,1622.624456198893,0.30993805583590284,0.9,1109.9575757575758
WEST BENGAL,EAST MIDNAPUR,2.95,0.3464646464646465,4.126136207155551,0.44860945074482916,0.4,1.2484848484848485
WEST BENGAL,HAORA,1711.1786886021534,0.8773116528173215,1886.307148030533,0.3100113989268456,0.9,1518.5333333333335
WEST BENGAL,HAWRAH,3.5,0.3200854700854701,6.114645442614713,0.42997980280799447,0.4,1.9090909090909092
WEST BENGAL,HOOGHIY,3.75,0.33458333333333334,6.070191283824771,0.4417367606852986,0.4,1.6121212121212123
WEST BENGAL,HOOGHLY,10750.336270129637,0.8702900627284537,16450.382221455486,0.30819538010695824,0.9,3484.6060606060605
WEST BENGAL,HOWRAH,7047.052064016713,0.8626958729536434,11195.987653366998,0.3068337598309827,0.9,1600.8242424242426
WEST BENGAL,HUGLI,3.693774099883856,0.354327623072754,5.427348033694403,0.45834776235589336,0.4,73.07272727272728
WEST BENGAL,JALPAIGURI,2972.957566544847,0.8635774067555311,9335.063550595205,0.3043014170138219,0.9,4560.496969696969
WEST BENGAL,JHARGRAM,410.2111657292148,0.8380693049088919,775.9350859907772,0.30117589611973394,0.9,91.47878787878788
WEST BENGAL,KALIMPONG,55.53032031638645,0.7272018858899445,122.6314597680061,0.3589160045564844,0.9,78.1878787878788
WEST BENGAL,KOCH BIHAR,717.3824636623973,0.8834450990465665,782.8862936458623,0.3111969474645413,0.9,2558.060606060606
WEST BENGAL,KOLKATA,3143.5719230136187,0.8550709602096799,9832.183779605393,0.30214412345863234,0.9,2247.89696969697
WEST BENGAL,MALDA,8574.39951805656,0.8620066046682595,14921.952372536172,0.3058068967776112,0.9,2412.4424242424243
WEST BENGAL,MALDAH,700.090495103114,0.8769825544583731,812.885415485162,0.3096860276456119,0.9,968.3151515151516
WEST BENGAL,MEDINIPUR,3.46,0.3456725329981144,5.514465824840456,0.44878816699758245,0.4,10.8
WEST BENGAL,MEDINIPUR WEST,0.0,0.0,0.0,0.0,0.2,-5.387878787878789
WEST BENGAL,MURSHIDABAD,26896.1127921572,0.8584930909974909,31120.108522749688,0.30707784801286014,0.9,4969.727272727273
WEST BENGAL,NADIA,4728.345940708108,0.8561234731871062,14888.592192857344,0.3021482721596898,0.9,3949.2000000000003
WEST BENGAL,NAIHATI ANANDABAZAR,0.2,0.06666666666666667,0.6324555320336759,0.21081851067789195,0.1,0.06060606060606061
WEST BENGAL,NORTH 24 PARGANAS,15468.74472331785,0.8626066138117077,29182.170233740337,0.3060995591982681,0.9,5060.927272727273
WEST BENGAL,NORTH DINAJPUR,45.832017584236766,0.6744342060002018,63.810829425590235,0.4659452387613443,0.7,205.70909090909092
WEST BENGAL,NORTH TWENTY FOUR PARGANAS,755.0106299221484,0.8749366900389509,810.6087636200764,0.3094889102758467,0.9,860.2363636363638
WEST BENGAL,PASCHIM BARDHAMAN,1105.2184252718105,0.8680891713690556,1806.5844884902554,0.30792622723838514,0.9,208.64242424242425
WEST BENGAL,PASCHIM MEDINIPUR,11620.870244099307,0.8726108672287533,14820.017577291692,0.3087099157351273,0.9,5527.181818181818
WEST BENGAL,PURBA BARDHAMAN,1726.8853394999132,0.8382496846174143,3326.3359811844207,0.30381476430260473,0.9,48.70909090909092
WEST BENGAL,PURBA MEDINIPUR,10694.259104849727,0.858934536224474,13177.366225618216,0.3069800219563861,0.9,1657.7272727272727
WEST BENGAL,PURULIA,182.4768727290827,0.8668235497794484,203.64703095639703,0.30746326679682795,0.9,328.8181818181818
WEST BENGAL,PURULIYA,8375.159472056874,0.8694914485603358,10050.146906282576,0.30822541423742505,0.9,3569.1696969696973
WEST BENGAL,SOUTH  TWENTY FOUR PARGANAS,0.5,0.14166666666666666,1.0801234497346435,0.29930474993446615,0.2,0.2363636363636364
WEST BENGAL,SOUTH 24 PARGANA,2.85,0.26606060606060605,5.110175035053974,0.42935305580124233,0.4,1.1333333333333333
WEST BENGAL,SOUTH 24 PARGANAS,28188.898166143288,0.8633631548855865,33883.57365577538,0.3072574424693339,0.9,4689.042424242424
WEST BENGAL,SOUTH DINAJPUR,106.0898746867168,0.8757359481049962,111.95988229370748,0.30882904714916004,0.9,269.830303030303
WEST BENGAL,SOUTH DUMDUM(M),1.4,0.2841666666666667,2.3664319132398464,0.3789697290754969,0.4,0.5575757575757576
WEST BENGAL,SOUTH TWENTY FOUR PARGANAS,2015.6418586456075,0.8719515407551223,2212.8487976077245,0.308647304074236,0.9,1613.9212121212122
WEST BENGAL,UTTAR DINAJPUR,11927.630969885475,0.8414157496442638,21126.309353984616,0.29980321266192045,0.9,2963.709090909091
WEST BENGAL,WEST MEDINIPUR,1.4666666666666666,0.27749999999999997,2.5151393452303843,0.37924653208535136,0.4,0.6060606060606062
WEST BENGAL,WEST MIDNAPORE,976.9595746261703,0.8784516981840576,1074.952370522896,0.31003406088524377,0.9,1274.1939393939394
WEST BENGLI,HOOGHLY,0.3,0.11666666666666665,0.6749485577105528,0.24907235301622102,0.2,0.15151515151515152
WESTBENGAL,HOOGHLY,6.866666666666667,0.3682345819683806,11.410629655536214,0.47637658112500225,0.4,7.4
WESTBENGAL,HOWRAH,1.1,0.25416666666666665,2.1832697191750423,0.3438446839296293,0.4,0.43030303030303035
